name,age,street,city,state,zip,lng,lat
Wendy Peters,70,668 Robert Junctions Suite 919,Williamsmouth,Georgia,45227,-159.668739,31.029393
Bethany Martinez,73,13242 Cox Meadow,Lake Dylan,Indiana,42157,21.483181,-55.3663855
Sarah Perkins,20,4220 Matthew Island,West Michaeltown,Utah,79262,95.539944,6.915683
Matthew Brown,18,6628 Flores Dam Apt. 186,New Ryan,South Dakota,46123,-125.118068,6.593683
Evelyn Thomas,39,11873 Adam Expressway,East Samuelland,Mississippi,80578,46.444284,-76.839136
Derrick Montgomery,69,9988 Sanford Walks,Bettyhaven,Wisconsin,69524,-133.131484,-52.598728
Tracy Roth,60,41241 Jimmy Cape,Robertberg,Utah,96292,-14.315962,88.7457435
Samantha Henderson,50,942 Cathy Mountains,Davidview,Hawaii,38550,-53.322235,-75.068396
William Burgess,43,968 Antonio Fort,Colestad,South Carolina,14858,164.142611,-84.991730
Alexis Leach,39,31066 Miller Tunnel Suite 310,Samanthachester,Alabama,41174,72.043399,72.305274
Julia Watkins,22,86932 Jackson Viaduct Suite 018,South Kimborough,Wyoming,79164,178.381453,40.5801325
Clarence Jones,31,58178 Horn Course Suite 010,South Melissachester,California,27255,-36.339840,13.338562
Dr. Jerry Hanson,52,21169 James Inlet Suite 375,North Jeffrey,California,55773,-127.985449,-6.325497
Kristi Eaton,24,242 Louis Shoal Apt. 388,West Michaelmouth,Tennessee,46072,53.760150,76.0913205
Trevor Johnson,40,66119 Sergio Loaf Suite 023,Elizabethburgh,Nebraska,98758,101.114040,77.1835405
William Nicholson,77,79673 Timothy Forest Apt. 634,Murillobury,Delaware,87244,-39.680653,33.4278135
Tara Harper,23,164 Benjamin Plains Suite 048,Lake Elizabethstad,Kentucky,62808,-120.494296,89.925798
Edwin Thompson,31,2939 Moreno Glen,Changton,Georgia,83534,37.884868,43.384488
Tracy Chapman,53,570 Jason Isle Suite 682,Lake Stevenborough,Connecticut,04340,-28.874253,6.551837
Tyler Dillon,38,22132 Christy Locks,Lake Christine,Virginia,76411,-113.649896,-55.889047
Melissa Smith,20,42292 Ramirez Squares,Lake Deborah,Florida,30607,26.867064,-42.585151
Samantha Phillips,55,7532 Rachael Junctions Suite 183,New John,Georgia,84614,58.625820,-32.967659
Jennifer Peterson,33,993 Peters Gateway,Watkinsview,Kentucky,80879,-169.277380,-42.6614665
Tricia Robbins,62,365 Russo Spur,New Christine,Rhode Island,65153,-113.470683,44.985598
Dustin Perez,50,278 Julie Avenue,South Anna,Massachusetts,53445,176.399711,30.0981245
Helen Floyd,70,428 Chelsea Vista Apt. 325,Christopherton,Minnesota,80973,73.775082,67.818795
Kathryn Pittman,38,571 Thomas Lock,Tannerborough,Hawaii,33707,108.006418,30.1972035
Kyle Best,69,04048 Smith Place Apt. 163,West Lindastad,Kentucky,46801,27.588320,38.7948145
Jason Morgan,71,81558 Jones Keys Suite 792,Port Tyrone,Ohio,54233,112.234057,78.6679315
Christopher Velasquez,59,1598 Perez Lake Apt. 286,West David,Arizona,77145,111.567817,-79.125643
Maurice Hensley,61,515 Grace Mountains,North Cameronshire,New York,64163,-126.171770,15.855050
Cody Barrett,44,80605 Palmer Underpass,Port Laurieborough,New Jersey,46468,-125.365155,-8.636077
Harold Swanson,27,6431 Yoder Brooks,East Jenniferfurt,Nevada,66397,-92.657041,20.5827325
Ms. Cassidy Kline,24,469 Schmidt Villages,Matthewtown,Rhode Island,72890,137.643982,-51.756353
Drew Shaffer,61,0586 Mark Heights,New Tiffanyborough,Maine,69104,-148.179878,86.610783
Andrew Brock,40,7469 Jackson Road,Theodoreview,Alabama,92543,-178.412124,3.507762
Brandon Rowe,65,018 Gonzalez Ridges Apt. 350,Lake Rebecca,South Dakota,30026,7.368524,62.8792435
Michael Becker,25,99496 Mark Glen Suite 674,Dorseyhaven,Pennsylvania,80051,169.431651,14.7133395
William Kemp Jr.,25,99300 Mitchell Vista Apt. 888,North Thomas,Arizona,07377,1.785752,-49.680831
Jeremy Clark,40,8673 Lee Islands Apt. 667,Loribury,Ohio,79762,-16.346537,-15.061301
Kristen King,47,5417 Smith Rapids Apt. 131,Port Michaelbury,Indiana,28057,70.830558,66.481161
Amy Fletcher,27,46912 Gregory Turnpike,Watsonberg,Connecticut,76341,-153.371976,-50.377579
Michael Stein,77,1604 Matthew Point,West Linda,Colorado,66848,152.174618,44.528691
Justin Torres,38,335 Brandi Villages Apt. 811,Carlamouth,West Virginia,36055,11.030902,78.203602
Jeffery Richard,39,296 John Tunnel Apt. 781,South John,Massachusetts,59338,-139.315133,-73.3977985
Christopher Fitzgerald,29,215 Jerome Rapid,East Samuelville,Minnesota,11686,57.682361,26.037926
Ana Ortiz,75,019 Shelly Via,North Brianville,Michigan,72666,46.430037,-89.298725
Matthew Massey,44,734 Evan Trace,Laurenberg,Oregon,31892,-74.830165,-14.841733
Dana Snyder,19,742 Terry Vista,Williamsonstad,Nebraska,40031,147.904731,-18.7776575
Michael Cunningham,42,8417 Lisa Lane Apt. 967,Lake Jasonstad,Massachusetts,31510,64.597818,-84.218532
Richard Robbins,69,15824 Rebecca Center Apt. 334,New Jenniferfort,New Hampshire,11388,170.444943,-13.329971
Adrian Kane,24,3800 Moore Via,Coxbury,Kansas,88964,47.634260,-19.1193385
Sheena Bell,39,82524 Victoria Haven,Port Benjamin,Utah,14061,-1.028950,-76.1891125
Erica Freeman,43,38648 Davis Tunnel Suite 846,South Ryanport,South Dakota,22295,-7.451026,15.0202395
Phillip Lee,24,519 Denise Center Apt. 494,Lake Caitlinhaven,South Carolina,83045,97.465898,50.6351105
Kelly Leonard,50,353 Robert Road Suite 409,Taylorborough,Vermont,15486,-133.174031,22.247776
Taylor Coleman,45,7603 Jesus Plaza,Nathanielport,Wyoming,37387,110.510315,40.259441
Peter Richards,52,57007 Holmes Manors,Lake Alecberg,Utah,87945,158.124411,70.818260
Christian Owens,35,26951 Elliott Unions Apt. 849,New Jessemouth,Missouri,80422,30.297302,22.847224
David Stone,36,3366 Jason Pine Apt. 328,North Angelaport,Colorado,52297,66.153728,-34.3997495
Alan Gill,38,0818 Brown Drive,Port Peter,Arkansas,84254,106.218127,-4.729219
Danny Cruz,24,9947 Shawn Extensions Apt. 451,Tylerhaven,Alabama,90155,-69.092943,-5.2278465
Darrell Anderson,60,197 Nicholas Islands,Lake Paul,Idaho,16215,-14.939309,75.059196
Nicole Walls,78,6991 Conner Cape,North Andrew,North Dakota,90531,-41.114007,-17.432163
Michael Gonzales,29,06816 James Mountains Apt. 678,Port Lauraview,Maryland,41484,-126.399850,76.758005
Kyle Herman,28,971 Matthew Prairie Suite 169,South Russellland,Maryland,70787,62.472378,47.6980245
Rachel Reynolds,19,4378 Hall Orchard,Martinville,Nevada,62226,17.310901,-24.090552
Melanie Sanchez,28,142 Hurst Key,North Meganborough,Indiana,06819,88.475365,-56.965242
Julie Reynolds,23,4688 Gabrielle Mountain,Danielside,Kansas,02816,-79.476924,26.196916
Brian Rivera,54,2526 Michelle Isle,East Ashley,Colorado,13603,-99.908329,-25.6302605
Matthew Miller,30,95177 Jackson Fall Suite 332,Monicaborough,Kansas,13862,109.234980,-20.164118
Devon Browning,79,856 Sandra Road Apt. 509,Gabrieltown,Texas,88797,127.043284,-76.489583
Lisa Lawson,30,211 Wyatt Shores,Greenfort,Montana,45975,83.914136,19.075271
Kyle Thompson,80,582 Berry Mount,Wheelerstad,Idaho,91742,139.497116,-45.015483
Angela Hughes,21,183 Barnes Plains Apt. 978,Blackton,Rhode Island,97227,-62.024840,18.958857
Hannah Williams,78,711 Potts Run,New Kimberly,Rhode Island,63282,75.127630,80.513470
Aaron Robertson,51,9175 Williams Estate Apt. 163,West Joan,Maine,62938,129.524954,52.8238835
Mr. Mark Nguyen,24,53984 Melissa Road Suite 453,South Seanton,New Jersey,32922,158.073047,-39.2247195
Emily Kennedy,42,1901 Tonya Streets,Louishaven,Texas,78425,169.792377,81.292055
Regina Keller,21,6808 Dunn Rapid Suite 639,East Donna,New York,58586,-162.381471,-10.8101935
Brenda Skinner,58,261 Roberts Extensions,Port Julieshire,Florida,38589,77.961466,-40.070688
Danielle Berry,38,1376 Robinson Roads Apt. 453,Thomasmouth,Delaware,33263,129.718600,20.6287635
Brent Owens,42,57688 Shaffer Summit Suite 430,West David,New Mexico,49816,105.209294,-28.256691
Ronald Smith,34,1228 David Spring,Josephstad,New Jersey,16945,-53.027343,55.4806285
Sandra Hunt,46,68101 Christine Isle,Scotthaven,Connecticut,25889,-168.421550,42.9878005
Dylan Ballard,70,7232 Mathews Walk,Hoodfort,Hawaii,17728,176.874071,85.8478035
Travis Reyes,21,5945 Hubbard Locks,Butlerberg,Wyoming,72431,172.200436,-18.6342625
Natalie Garrison,43,8056 Sean Ramp Suite 151,Port Dennisburgh,Alaska,86487,162.634652,36.950625
Elizabeth Delacruz,76,615 Robinson Point Apt. 965,Josephview,Minnesota,87863,6.211409,65.243851
Karen Williams,64,442 Daniel Flat,North Jeffreyfurt,Georgia,27056,56.607957,85.351673
Mark Duke,69,4955 Elizabeth Garden Apt. 110,Port Brent,Maryland,21241,124.934013,87.2776575
William Alvarez,33,85181 Hunt Orchard Apt. 634,Boydland,West Virginia,19825,-96.306565,86.035047
Alex Hansen,53,44511 Latoya Ford,Robertstown,Massachusetts,88734,126.948746,-61.004190
Bailey Hancock,38,13046 Smith Shoal,Lake Carolynborough,Indiana,43346,-149.637054,35.1587995
Monique Alvarez,39,330 Zachary Haven Apt. 982,Katieside,Arizona,20876,70.119806,53.3570475
Jennifer Wilson,74,9821 John Ford,Andersontown,South Dakota,38088,-39.172501,-27.481187
Lisa Perez,51,836 Cole Land,Port Johnborough,Utah,01389,-131.526050,5.459460
Nicole Adams,80,831 Mariah Summit,Lake Charleston,Washington,07380,170.894464,-32.1844365
Melanie Ellis,80,06646 Anderson Ranch,Lake Cory,Alabama,30109,-66.165158,-31.235016
William Smith,37,4710 James Forges Suite 081,Evansfurt,West Virginia,11549,-21.825665,2.013979
David Carter,41,0521 Gregory Street,Roybury,Indiana,60718,169.234621,59.1107135
Amy Allen,53,542 Brian Lock Suite 013,Reneeshire,Michigan,49977,-2.188729,-16.9466885
Michael Nelson Jr.,24,89907 Katherine Place Suite 433,Marcusside,Louisiana,37866,24.374972,32.6617275
Joshua Myers,51,801 Hernandez Lights,Andreashire,Colorado,09705,63.219038,-30.1878885
Stacey Jones,60,04067 Best Court,Port Thomas,Florida,78410,-66.958673,-54.2196435
Connie Turner,42,8998 Timothy Forges,Romerofort,Nebraska,29950,-10.610785,57.085044
Melanie Holmes,63,63853 Diane Plaza,Port Thomas,South Dakota,48937,-103.515724,31.6031385
Amanda Salinas,34,834 Brandon Locks,Tuckerborough,New Mexico,70403,111.851855,41.832341
Christopher Harmon,51,2454 Ashley Isle Suite 068,West Gina,Rhode Island,47480,-174.011244,-54.1769325
Sean Randolph,56,00975 Pace Mountains,North Cynthiaview,Wisconsin,98683,153.965873,-25.463362
Bob Mclaughlin,68,71376 Ramos Mills Apt. 988,Michelleville,Oklahoma,24759,144.778371,-10.9096035
Joseph Fisher,34,2472 Haas Haven,Bryantside,Washington,73197,64.400500,15.7621415
David Nichols,29,675 Daniel Shoal Suite 078,Perezshire,Kentucky,08492,-169.925591,-50.534467
Thomas Walker,65,396 Mosley Extensions,Port Kathryn,Florida,81279,63.930962,84.7209355
Samantha Montgomery,18,846 Nichols Ways Suite 817,Mcgrathton,Montana,75709,47.786531,-69.772542
Kimberly Collier,78,430 Scott Corner,Lake Jennifer,South Carolina,54865,172.666440,-0.4257035
Kenneth Scott,23,0689 Edwin Junction Apt. 130,Torreschester,Utah,20908,-29.998559,-77.8293605
Jose Lambert,38,350 Patricia Creek,New Jackberg,North Carolina,01648,-41.914185,-34.1242245
Chris Hill,24,00273 Goodman Brooks,Fletcherland,Arizona,97499,-160.081805,76.503336
Diana Molina,71,1328 Wood Place Apt. 707,Port Johnbury,Arkansas,77403,-35.047727,-66.379145
Melanie Sims,57,2990 Shannon Lodge,New Martha,Delaware,36127,154.160326,21.856224
Lisa Larson,22,202 Richard Ports,Port Jenniferfort,Delaware,99873,120.509967,28.886100
Debra Walker,60,4156 Rachel Park,Hodgemouth,Idaho,41786,13.150882,31.755624
Ronald Cooper,41,587 Tamara Plaza Suite 052,East James,Nevada,01545,-48.803383,45.0287175
Kathleen Calderon,66,1961 Nancy Mews,Eatonport,Maryland,18184,-41.513309,-87.9729485
Amy Reese,50,241 Christine Unions Suite 180,Janestad,New Jersey,96696,64.572404,-20.370417
Andrea Brown,31,8950 Peterson Stream,Flemingbury,Hawaii,00666,55.766499,57.1565055
Debbie Stewart,43,7975 Gary Turnpike,Williamsland,Nebraska,49485,-107.445484,35.395756
Christopher Decker,75,5149 Kelly Parkways Apt. 295,Port Lauren,Alaska,23546,-104.368667,-13.4236115
Emma Ward,48,407 David Skyway,East Nicoleton,Michigan,43263,163.119830,74.1806075
Kaitlyn Ortiz,72,6693 Berry Locks,Paulville,Pennsylvania,94758,150.358061,-77.9027885
Pamela Whitehead,53,5647 Davis Hollow,West Matthew,North Carolina,84021,-104.905531,-68.0375955
Richard Dillon,60,781 Fletcher Overpass,Pricebury,California,14835,-120.447309,7.4794865
Amanda Lopez,61,55555 Little Corners,New Mariaport,Hawaii,99544,-85.037565,-43.904674
Carla Blake,49,08139 Kimberly Spur,Port Donald,Wisconsin,84389,-8.253941,36.0736515
Dawn Cochran,42,9015 John Heights Suite 279,Oliverburgh,Illinois,54042,41.663197,66.010469
Theresa Rivera,19,0321 Christopher Dale,East Rebeccaburgh,Texas,19438,66.738622,-61.741671
Amy Mcintosh,54,831 Gordon Highway Apt. 253,Lake Leslie,Pennsylvania,02635,-172.489466,85.8594095
Alyssa Jackson,47,025 Lisa Inlet Apt. 966,Port Jessicaside,Vermont,76877,-142.357903,15.775044
Margaret Cunningham,80,16742 Bobby Lane Suite 325,North Brandi,Kentucky,82247,-29.066603,-88.701880
John Massey,45,6268 Hooper Mission Apt. 860,Lake Sandraberg,Montana,58481,-154.031469,49.8306145
Robert Burns,19,357 Olson Hollow Apt. 346,Holthaven,Vermont,56054,116.734479,22.7563695
Jonathan Cortez,46,2547 Gardner Stravenue Apt. 100,Port Brianstad,Virginia,72755,-18.979018,78.8866035
Diana Johnson,47,698 Johnson Lane,South Jakeborough,Iowa,06914,-7.640239,-22.4837045
Ronald Schneider,31,0608 Warren Valley Apt. 956,Holmeschester,West Virginia,44130,-87.191922,64.766056
Jeffrey Morris DDS,72,65488 Justin Expressway,West Mitchell,Connecticut,24104,-15.820138,-50.9848595
Dr. James Diaz,46,9574 Sharp Common,Port Kathleen,North Dakota,96682,47.656376,31.045317
Mark Brown,28,066 Swanson Mount Suite 060,Petersonland,Ohio,74855,-163.931019,16.6812885
Brian Matthews III,46,68774 Fleming Track Suite 649,Holmeshaven,North Carolina,63691,-112.180063,61.4020625
Janet Bailey,42,0958 Dawn Orchard,Dianeton,New Hampshire,83029,-94.762893,-87.5230135
Aaron Bowman,73,406 Hobbs Land,Christinahaven,Georgia,50972,-73.296073,-47.051702
Jose Franklin MD,67,144 Angela Place Suite 942,South Linda,Iowa,05248,98.040460,51.2780775
Sarah Cook,27,813 Scott Island Apt. 090,Emilyberg,Indiana,35814,-57.937094,89.883364
Laurie Stokes,36,73286 Roy Forest Apt. 500,Ryanview,New York,12718,84.350321,1.8451825
Ruben Simmons,61,673 Morgan Locks Apt. 514,East Michelle,Nevada,88052,146.190081,-75.870150
Karen Curtis,78,16220 Moore Drives Suite 438,Pughchester,Alaska,81132,-29.117143,7.3729765
Jessica Williams,66,6640 Stevens Lights,Kimberlyhaven,New Jersey,44341,-17.033530,-55.850174
Crystal Donaldson DDS,59,5322 Christopher Grove,North James,Vermont,15272,-125.511249,-56.3810195
Christopher Reynolds,77,251 Lisa Light Apt. 958,East Anthonyshire,Massachusetts,36117,12.990417,84.220339
Christopher Gonzales,39,831 Hunter View Apt. 144,Briannamouth,Hawaii,12208,30.849890,53.6634025
Paula Brown,51,96846 Ruth Mews,Gilbertchester,Colorado,41763,-136.239217,-21.535768
Sarah Brown,58,15583 Dana Bridge Suite 127,Thomasburgh,North Carolina,67595,-24.086497,46.455332
Christopher Church,33,8901 Mclean Walk,Matthewburgh,Connecticut,97105,173.180049,39.743965
Emily Chase,67,0569 Norman Wells Apt. 411,Navarroside,Kentucky,07471,-179.552566,-20.113041
Nicole Johnson,68,00100 Eric Points,New Jamiemouth,Rhode Island,52450,69.840108,-36.0846905
Tammy Drake,27,051 Carter Squares,West Matthewberg,Missouri,08249,0.340650,51.662521
Michael Morales,49,07923 Linda Rue Suite 899,North Jeremytown,Missouri,93614,-51.653111,-72.5751335
Ana Beasley,29,702 Robin Vista Apt. 340,East Brandyhaven,Kentucky,58337,-94.342879,70.242207
Victoria Robinson,64,1449 Lynn Turnpike Apt. 411,East Melissa,Pennsylvania,12226,152.176572,-24.8405655
Catherine Archer,71,5584 Smith Lake,Lake Kevin,West Virginia,80334,169.427118,-65.194130
Jamie Rivera,21,396 David Bypass,Port Cynthiaton,South Dakota,66464,-111.633216,-16.7870805
Damon Hardy,23,896 Anthony Harbors,Sarahville,Washington,65402,177.383820,-71.932302
Brian Sims,48,663 Williams Locks Apt. 764,Debbiefort,Nevada,36378,132.048127,30.351039
Stephanie Patrick,60,714 Raymond Terrace,Longview,Wyoming,06003,-22.278011,2.381290
Robert Phillips,54,48491 Carrillo Forest,Brookstown,Ohio,01111,165.987193,1.6834875
Nancy Vincent,80,16484 Heather Summit Apt. 937,Austinstad,Arizona,43445,44.577968,28.9983175
Richard Castro,28,83921 Lisa Meadows,North William,Alabama,04600,-105.761366,38.252725
Lori Stevens,41,494 Kyle Field Suite 963,East Josemouth,Pennsylvania,41858,175.079585,77.624481
Andrew Kirk,60,690 Brent Squares Apt. 417,North Kendratown,Ohio,04218,-122.697407,-89.9418835
Rachel Murillo,68,46454 Adam Oval Suite 781,South Ryan,West Virginia,44278,-68.542084,-83.2575705
Kathy Ryan MD,68,3948 Johnson Dam,Lake Dianeshire,Wyoming,43770,-151.622343,-56.3332275
Brent Fitzpatrick,48,350 Horn Fort Suite 110,New Russell,Vermont,46889,-30.868095,23.6918345
Frank Smith,44,3507 Powell Hill,Sergiotown,Mississippi,49836,36.058850,-69.677636
Gregory Wolf,30,3325 Dunn Stream Suite 320,Port Jennifer,Wisconsin,26597,-72.623732,-84.9855785
Matthew Beard,80,679 Jeffrey Harbors,Andrewsberg,Rhode Island,38661,-13.568940,28.9601405
Tony Williams,55,34129 Sherry Stream Suite 094,Sandraborough,California,05936,53.796979,-80.9680635
Judy Prince,71,612 Johnson Ways,Nancymouth,Nebraska,38077,177.620784,70.927201
Robert Santana,53,89657 Garcia Park,West Chadhaven,Georgia,26727,-80.089340,1.774153
Sharon Graham,68,729 Elliott Bridge,South Annetteshire,Arizona,57735,90.281543,67.177503
William Vazquez,35,05821 Darren Course Suite 817,Williamsfort,Alaska,22959,29.323854,-42.9299475
Kimberly Gonzalez,26,13850 Kristi Ranch Suite 567,Port Robinmouth,Colorado,82467,-0.400980,49.297732
Carolyn Hardin,53,70490 Nathaniel Fords,North Michaelshire,Alabama,52800,143.404461,-43.197489
Abigail Jackson,49,199 Singh Vista,Meyershaven,Texas,18734,-2.880937,-55.9706875
Roger Robinson,78,809 Williams Stream Apt. 097,Whiteland,South Dakota,71187,-163.371502,70.214756
Jonathan Lawson,40,8785 Matthew Cape Suite 024,Lake John,Indiana,09894,-124.741410,84.810385
Robert Skinner,24,62466 Nolan Haven Apt. 299,West Nicholasberg,California,43408,33.684931,-83.583769
Matthew Hill,59,15273 Jillian Corners Apt. 775,North Christina,Idaho,93184,-97.836754,-21.6079505
Courtney Robinson,53,510 Samuel Brook Apt. 499,Rebeccaberg,Arizona,42306,-31.833655,-88.1715785
Ms. Heather Jacobs DVM,46,61095 Rebecca Roads,Jenniferstad,New Jersey,91547,-34.287688,-40.211601
Nicholas Smith,64,81011 Blackwell Groves,Port Sarah,South Carolina,49159,-96.940155,6.5072585
Christopher Mckenzie,71,5028 Logan Ford Apt. 871,Dixonborough,Maine,30233,155.565658,-1.408388
Jodi Trevino,37,7015 Johnson Alley,Alexandermouth,Wyoming,63428,150.814063,-28.759927
Jamie Bowers,29,23953 Shirley Stream Apt. 303,East Brandon,Mississippi,56027,-115.140941,-11.510990
Michelle Glenn,77,09331 Bradley Passage Apt. 846,New Shannon,Oregon,21523,-39.901183,24.0638165
Billy Klein,57,920 Thomas Isle,Stevenhaven,Alaska,05157,69.900987,74.855707
Christine Glenn,65,5879 Mcdonald Mountains Apt. 241,Thomasmouth,Rhode Island,40588,57.138116,25.9411145
Amy Woods,59,2258 Gomez Hollow,New Williamtown,Maine,45233,101.815540,83.0311705
Mark Cole,44,0157 Wagner Road,South Tina,Washington,35619,-16.408863,67.8371755
Devin Morris,38,78114 Steve Road,Woodwardberg,New Jersey,98609,-93.233550,-69.036492
Jennifer Stuart,49,48590 Margaret Cape,North Kelly,Oregon,99794,-112.530881,35.619258
Jasmine Coleman,25,951 Kathleen Plain,Jacobfurt,Delaware,55270,13.895499,-20.425567
Nathaniel Dalton,76,151 Jennifer Trail Suite 286,Fosterbury,Florida,45710,5.558636,28.757332
Jamie Mclaughlin,59,4628 Payne Pike Apt. 593,East Alex,Wyoming,03081,18.993289,-79.748751
Danny Underwood,50,92138 Matthews Mission,Caitlinberg,Virginia,66834,77.080979,-81.645211
Heather Warren,55,1637 John Harbor Suite 331,East Marcus,Texas,38523,20.270191,59.5857495
Lawrence Gomez,53,048 Oconnor Brooks Suite 013,North Erin,Kansas,78060,-74.599760,-25.5814555
Monica Melton,75,729 Katherine Courts Suite 396,New Carol,Nebraska,25320,71.336472,-13.6394745
Ashley Freeman,71,5179 Margaret Locks,South Christina,Vermont,70508,142.047473,-30.590835
Shawn Thompson,66,4448 Gina Hills,Brianchester,Oregon,75868,-177.694010,-71.8962055
Michelle Yoder,25,4692 Melissa Path,West Joshuaville,Virginia,78337,143.219751,61.932834
Lisa Nichols,64,9004 Ronald Spring,South Joyceview,Wyoming,87577,170.922805,-9.8796665
Dr. Nicholas Cowan DDS,26,5934 Woods Isle,Whitestad,Kansas,08937,-17.325583,-7.172675
Brandi Brewer,33,868 Nichols Hills Suite 684,Thompsonborough,Connecticut,60025,-49.565295,47.122849
Robert Ross,20,0809 Kennedy Underpass,Armstrongview,Wisconsin,52926,-58.220113,16.609502
Nancy Jordan,44,712 Salazar Shoals,South Ryan,Arkansas,30675,-49.761883,46.836262
Samantha Turner,23,372 Raymond Forest Apt. 959,Luiston,Oregon,76793,-142.407336,-9.811786
Edward Chen,22,5351 Donald Neck,North Victoria,Vermont,98218,160.846927,52.228947
Stacy Franklin,62,73321 Goodwin Hollow Suite 554,Alexisborough,Arkansas,90348,-103.905804,-13.7625705
Grace Roman,42,3503 Jodi Viaduct,Lake Steven,Georgia,45132,-41.182212,-46.557168
Joshua Tran,62,09449 Shaw Mall,South Samuelland,Maine,27735,91.871921,-38.8419905
Brent Kelly PhD,52,0084 Gloria Port Suite 694,East Andreaberg,South Carolina,92755,-120.500401,-28.8460825
Terri Robles,51,73038 Rachel Valley,New Lisa,Kansas,60744,65.366389,-28.187976
Audrey Lewis,56,30682 Evelyn Summit,New Kevinburgh,Georgia,29282,47.798129,-20.2122535
Jessica Williams,66,52346 Carrie Forge,Bryantmouth,Oklahoma,25401,-19.283166,24.117171
Sara Oneal,28,839 Gregory Ports,New Amyland,Pennsylvania,45915,153.050757,-23.441288
Timothy Anderson,60,29777 Chavez Crossing Suite 934,Andersonfort,Utah,54571,-158.752530,-79.6512015
Austin Gomez,45,63484 Susan Crescent Apt. 840,Wrightton,Vermont,09145,95.354314,-58.856118
Stephanie Winters,42,22730 Hamilton Estate Apt. 298,Michellestad,Rhode Island,17770,62.559804,52.8925295
Jerry Jones,37,1509 James Walks,Matthewfort,Illinois,48062,114.561454,21.3464885
Joe Larsen,34,782 Hart Court,Cruzview,New Jersey,08480,158.571936,42.644574
Alyssa Turner,46,78810 Joseph Rest Apt. 028,Burkeport,South Dakota,86503,162.060966,74.004826
Peter Martinez,73,1545 Megan Valleys,Rosston,Mississippi,28386,1.450734,83.1981355
Tracy Rose,53,15327 Anna Estate,Murilloton,New Mexico,82079,80.951988,-85.4834245
Kimberly Smith,49,3437 Barbara Overpass Suite 648,West Vernon,Wisconsin,04587,-122.080717,59.8245705
Joshua Myers,49,34187 Torres Ramp Apt. 595,Hernandezborough,Minnesota,17005,21.193174,-70.8562245
Angie Wu,22,006 Williams Turnpike Apt. 376,Port Patriciaside,Arkansas,65146,25.100358,-63.671221
Megan Huff,39,5826 Martin View,Port Timothymouth,New York,41269,35.680796,-67.9071475
Phillip Gill,57,587 Garcia Expressway,Davidhaven,Colorado,56472,147.804162,-16.7722025
Roy Gonzalez,52,5315 Sheppard Pike,East Charlesfurt,West Virginia,05057,124.997558,-9.785655
Ashley Rasmussen,29,139 Jared Mills,South Nancy,Nebraska,90575,-51.039455,81.0509435
John Garcia,27,73466 Christina Turnpike Apt. 875,Martinezfort,North Carolina,28336,-121.401078,87.2808935
Tiffany Jones,26,3902 Evans Trafficway,North James,Mississippi,10712,-99.922701,17.440418
Raymond Cole,63,8815 Krueger Loop Apt. 957,Johnshire,Oregon,58324,-36.422856,52.651109
Shelley Miranda,29,0435 Quinn Burg,Avilaland,Rhode Island,85037,-136.253260,39.921943
Tina Jacobs,67,3439 Darlene Flat Suite 508,Powersbury,Kentucky,07088,29.969766,-66.0744615
Karen Vazquez,28,073 Michelle Junction,South Jennifer,Nevada,10097,-26.857229,44.0019415
Megan Rosales,72,78473 Ramos Mills,Port Autumn,Rhode Island,79706,-33.606788,16.5515225
Angela Sawyer,36,06175 Melissa Villages Suite 772,Lake Joshuastad,West Virginia,21933,31.506172,20.7598015
Michael Frost,27,4472 Sergio Meadows,Christophershire,Kentucky,62460,86.795061,-52.315516
Jason Smith,46,45476 Wilkins Hills Suite 401,Williamfort,Maryland,44579,-8.392774,21.3274995
Laura King,48,982 Martinez Forest,Port Matthew,New Jersey,31754,144.017799,-25.333924
Rick Perry,61,6918 Thompson Walks Apt. 313,Lake Travisfurt,Delaware,53597,27.791344,-82.337169
Alexandra Collins,50,8282 Perez Route Suite 736,Port Ryan,Nebraska,63524,18.496322,85.597063
Brittany Long,37,964 Murray Unions Suite 215,Port Alexis,New Jersey,04718,-72.110207,86.781714
Beverly Mitchell,47,82034 Robert Spring,Robertfort,Illinois,31210,-97.079654,-54.472788
Amber Mcdonald,45,686 Sanchez Ferry,South Brandonberg,New Hampshire,38478,110.135778,-42.1365745
Nicholas Lee,80,342 Elizabeth Prairie,North Jeanetteberg,Vermont,13670,98.268218,-30.1565605
Rebecca Richardson,68,568 Sarah Gateway,North Jacquelinehaven,Rhode Island,67286,175.017265,53.264840
Christina Cox DDS,75,587 Anthony Path,Sharonshire,Mississippi,06301,-79.152112,-27.8894865
Cody Morris,44,4634 Walker Ferry,Curtisland,New York,94438,91.463133,6.4449065
Anthony Ramos,21,21479 Derek Centers Apt. 894,Carrollchester,Ohio,14586,-83.123076,80.6844425
Todd Bryant,35,357 Anderson View,Port Benjamin,California,37639,62.872692,-4.1274885
Sandra Black,38,68009 Linda Meadows,Angelaside,California,31651,105.618092,78.372666
Erik Turner,54,5626 Keith Turnpike Apt. 837,Port Danielleton,Louisiana,51443,62.377813,-80.536190
John Cox,52,80703 Sonya Circles,Leefurt,Alabama,39102,-169.902068,21.979869
Steve Ballard MD,36,9419 Knight Mountains Suite 712,East Brenda,Kansas,09269,-38.466729,11.6970715
Mr. Derrick Padilla,38,87677 Wiley Alley,Julietown,Nevada,01983,71.326404,-52.906056
Desiree Norris,24,501 Zachary Manor Suite 188,Port Katelynstad,Georgia,22191,-46.721344,19.983703
John Bradley,73,241 Kaitlin Green Apt. 407,Reevesfort,Delaware,69147,-29.515379,31.813081
Sydney Kemp,45,684 Debbie Parkways Suite 068,Benjaminville,Kentucky,34316,-97.175186,59.7858835
Anna Baker,54,81053 Armstrong Green,Lake Danielchester,Indiana,46907,71.449544,47.649575
Aaron Jackson,52,6641 Morales Harbors Suite 944,New Cody,Minnesota,48147,156.507636,15.812107
Kathy Gray,18,71208 Rachel Burgs,North Charlesside,North Carolina,89164,17.437914,83.0618915
Teresa Cummings,51,592 Kelly Turnpike,North Eric,Oklahoma,53113,72.909738,-11.4549305
Seth Le,40,85680 Ochoa Bypass Suite 157,West Vickitown,Mississippi,76654,59.544835,38.6789635
Bryan Terry,24,910 Williams Path Suite 218,Ricehaven,Louisiana,11667,24.081307,-23.2431075
Curtis Daniels,36,5315 Roy Parkways Apt. 720,Stephaniehaven,Missouri,92718,-41.526301,75.761688
Harry Higgins,72,53961 Pratt Ports,Melindastad,California,70496,179.843977,-87.533878
Julie Long,74,37978 Golden Flats,Jessicamouth,Indiana,10775,77.446423,-40.5159895
Angela Lopez,57,7216 Hanna Terrace Suite 173,Lake Adamport,Arizona,92396,-117.415059,-80.547069
Janet Thomas,64,5119 Lee Road Suite 666,Bowmanstad,South Carolina,26951,16.121733,69.028420
Mary Weber,67,22471 Karen Inlet,Caseyburgh,Iowa,70217,-149.997987,-66.1940965
Kevin Cisneros,22,8057 Roberts Extension Apt. 531,Perezville,Montana,54963,108.005776,67.162683
Barbara Morgan,80,6998 Christopher Underpass,Mooreville,Nevada,89074,-119.455160,-82.6879545
Courtney Smith,32,42376 Anthony Loop Suite 864,Gibsonberg,Arizona,70773,25.651820,-32.7118255
Stanley Downs,34,2806 Matthew Cove Suite 033,Wuberg,Maine,18921,-36.961584,47.7015375
Michael Leach,64,969 Jenna Unions,Blankenshipport,Mississippi,19450,-168.926510,-29.4614185
Heather Fowler,20,935 Lauren Station Apt. 024,Hutchinsonmouth,Illinois,63551,178.702925,-82.985175
Alicia Allison,57,39022 Susan Valleys Apt. 388,Port Mark,Maine,85956,173.532309,60.0063175
Christina Guerrero,48,02421 Briana Manor Apt. 446,East Williamfurt,South Dakota,04521,60.714854,-38.6395695
Douglas Lowe,58,517 Adam Gateway,Sanchezburgh,Utah,52532,151.949654,2.0456325
Autumn Brown,79,451 Knight Freeway Apt. 981,North John,Montana,26210,-161.250143,64.7534155
Ryan Mack,25,625 Murphy Stream,North Anna,Missouri,98481,55.239525,73.5066415
Mike Lopez,47,658 Jennifer Station Suite 756,Huntville,Delaware,75101,84.524352,-87.5357215
Lonnie Black,54,2352 Luis Brook Suite 632,Lindaville,Oklahoma,41533,174.641846,-51.060357
Barbara Robinson,28,070 Faith Street Apt. 037,Meredithmouth,Vermont,39238,77.034674,-36.7931625
Nicholas Richards,56,88892 Paula Gardens Suite 015,Theresabury,Idaho,04492,165.514554,-16.503825
Julie Wall,29,523 Joshua Mission,Palmerport,Vermont,38442,-87.538721,-62.6563635
Danielle Rogers,71,485 Shelia Throughway,Michaelport,South Carolina,57544,121.914915,-69.3605775
Jean Tucker,68,669 Ruth Mountain Apt. 591,Lake Troy,Colorado,55962,-29.739561,-51.952407
Zachary French,29,5351 Amy Island Suite 870,Carolinefurt,Louisiana,25282,26.437497,-72.300883
Abigail Thomas,70,91567 Morris Cape Apt. 860,East Tracey,Vermont,55075,151.008440,79.943808
Charles Young,34,704 Brandon Groves,Lake Justin,Maine,30352,167.997361,41.586603
Dawn Obrien,68,9877 Armstrong Extensions,Hesterton,Ohio,75165,-55.609470,-80.488344
Joshua King,74,66578 Buchanan Roads Suite 600,East Juan,Alaska,07407,137.413750,50.161601
Michelle Evans,46,338 Gonzalez Unions,Stricklandborough,West Virginia,74133,-38.363604,-36.030850
Steven Terry,66,4241 Kathleen Passage,Alyssamouth,Arkansas,07542,22.284293,52.723033
Angela Newman,51,883 Moreno Hollow Apt. 707,West Aaronton,Michigan,68850,118.017163,-0.641660
Denise Mcmillan,54,4160 Davidson Square,Matahaven,Pennsylvania,23334,-155.301969,-6.679663
Patrick Robinson,46,1575 Erin Shore,Edwardsfort,New Hampshire,88221,95.741635,-70.366480
Jennifer Navarro,32,4218 Alvarez Hills Suite 910,Heathermouth,Virginia,94443,175.924611,18.5021555
Mark Butler,27,6493 Moreno Mountain,Jessicaton,North Carolina,70951,-95.130564,-18.9506455
Lisa Clark,51,6152 Love Shore,Friedmanstad,Kentucky,67645,-105.973541,13.430349
Kimberly Bishop,49,655 Denise Junction,Lake Jessica,Minnesota,47239,-44.072295,-11.620438
Robert Ryan,23,185 Ayers Station Suite 315,Lake Erika,Michigan,74127,132.939841,20.2004215
Rebecca Trevino,27,808 Caleb Trafficway Apt. 038,Loriberg,Hawaii,69910,164.786895,30.7244625
Jennifer Mccullough,61,5445 Hudson Falls,Lambshire,Illinois,90117,-162.832186,-60.0575235
Erica Miller,31,844 David Harbor Suite 447,Benjaminmouth,Tennessee,00968,-164.745963,-22.341782
Kelly Mendoza,72,13073 Sims Fork,North Rachel,North Carolina,11720,-164.077461,-47.580230
Misty Smith,56,96893 Allison Cliffs,Lake Jennifer,Washington,34581,161.965275,47.195667
Stephanie White,29,316 Phillips Flat Suite 453,Rodriguezfort,Arkansas,38192,-61.687377,30.0822515
Robin Johnson,19,18953 Neal Skyway,Rachelland,Idaho,63455,90.417931,29.068587
Heather Williams,53,87144 Cantrell Crescent,Jenniferstad,Iowa,05278,-34.994063,-40.5628345
Scott Villa,57,17679 Philip Isle,West Kendrashire,Missouri,51231,-129.117865,-42.9253725
Jonathon Jordan,62,434 Laura Island Apt. 816,Chrisside,Iowa,29451,-114.086283,60.4754105
Kathryn Hawkins,47,51100 Walker Springs,West Jamesfort,Wyoming,45735,-70.135937,9.3488295
Erin Spencer,61,140 Mcbride Crest Suite 854,Jenniferstad,Utah,50002,4.546939,14.2721975
Gregory Ellis,46,44022 Ellis Circle Suite 013,Youngville,Delaware,24926,-129.016195,-1.0901265
Miranda Strong,73,9833 Amanda Station,Scottmouth,Texas,82900,153.969366,-31.3123235
Mary Sanchez,70,0639 Cody Via,Port Kristin,Rhode Island,03235,-170.149648,-62.6873565
Dr. Joshua Fleming DVM,55,675 Hall Meadow,West Josephmouth,Alaska,81238,40.240715,69.6296455
John Davis,39,75433 David Common,New Andrea,Arizona,05945,-137.578234,-65.7273055
Bethany Mendez,52,45417 Tyler Lodge,New Madison,Illinois,48950,135.283252,-42.507905
Larry Morse,77,4951 Shaffer Fords,Johnsonton,North Carolina,72370,45.912679,-9.363844
Barry Wong,57,3682 Young Field,East Joelland,Pennsylvania,09855,-142.568348,33.153776
Joel James,50,44946 Francis Curve,South Joshualand,Rhode Island,73045,-136.042202,-36.049239
Courtney Howard,61,747 Foster Mountain Suite 256,Jenniferborough,Arkansas,27935,-120.823296,-59.668610
Benjamin Anderson,67,8698 Amanda Streets Suite 323,West Dennisshire,Colorado,69717,6.035781,-37.532254
Scott Davis,34,951 Palmer Mountain Apt. 733,Priceborough,Ohio,70999,62.350617,55.4479965
Franklin Wilson,61,6898 Mary Common,Danielside,Michigan,66559,88.975581,-69.9016955
Lindsey Wagner,26,21372 Michael Shore Suite 474,Bonnieburgh,Oregon,67057,84.036640,19.4350285
Daniel Boyd,79,924 Tracey Curve Suite 283,North Michelle,Wyoming,59280,-23.639417,18.7703665
Casey Miller,28,017 David Dam,Port James,Georgia,50860,152.354895,-17.027621
Rachel Thompson,64,10908 Smith Inlet,Carrieton,Nevada,31523,2.438688,-68.157878
Eric Simmons,73,436 Thomas Drives,Weberhaven,Arizona,51686,-106.730745,36.136365
John Walker,76,778 Jeremy Throughway Suite 144,Garciashire,Wyoming,90223,58.360649,63.2857845
Peter Finley,72,128 Gonzalez Drive Suite 685,Marquezside,South Carolina,06432,24.251255,-13.760291
Amy Grant,30,681 Rojas Extension Suite 490,East Markchester,Kentucky,54155,35.823733,39.2694605
Dakota Griffith,62,482 Johnson Drive Suite 180,East Amychester,Wisconsin,72996,-10.002591,-72.2314835
Jessica Campbell,34,123 Dawn Junction,Pearsonshire,North Carolina,32832,66.830522,26.016098
Patricia Williams,64,5167 Gerald Mount Apt. 036,Port Danielmouth,Illinois,72941,122.342318,-50.375557
Michael Barnett,49,178 Kathy Shore,West Holly,Missouri,94803,120.353089,12.2774215
Lauren Hill,42,661 Jonathan Islands Suite 314,West Dustin,Massachusetts,73616,-126.485955,23.5373405
Elaine James,62,5994 Adam Prairie Suite 748,South Tanya,Delaware,88048,-75.079019,65.0207055
Steven Irwin,28,1847 Lori Gateway,Kerrishire,South Carolina,47552,-124.989183,88.094066
Ricardo Miller,66,5981 Warner Squares,South Maryville,Hawaii,23326,50.227120,-32.9922575
Andrew Anderson,53,56365 Marshall Rapid,South Amandashire,New Jersey,00631,130.624111,37.237375
Ashley Green,68,8793 Edward Street,Bishopfurt,North Carolina,83736,90.919636,-1.1155625
Mary Bishop,55,8196 Andrew Mountains Apt. 313,Conniehaven,Georgia,20093,61.474603,-30.0762045
Kathleen Hamilton,70,1387 Hughes Brook Suite 399,Anthonyberg,North Dakota,83640,147.247679,-0.3268975
Gary Bautista DVM,46,45408 Hayes Prairie Apt. 163,West Leslieland,Vermont,44625,144.425073,34.240603
Leslie Scott,79,95299 Andrea Crossing Apt. 231,Lake Jonathanfort,Indiana,35258,128.464927,-6.8746365
Debbie Ramirez,56,65527 Lisa Locks,East Robertberg,Louisiana,85574,-41.660296,31.588759
Jane Walsh,35,801 Compton Causeway Apt. 609,Knappberg,New Jersey,16401,161.993155,-57.8403765
Arthur Rivera,34,266 Munoz Terrace Suite 401,Port Amanda,Kentucky,64342,-155.567990,-53.7687415
Kim Rubio,71,44024 Justin Isle Apt. 296,Kempberg,Illinois,70637,138.550612,58.5444475
Jessica Johnson,72,86339 Steven Rest,Thomasview,New Hampshire,13136,45.200027,57.8311025
Anita Mills,20,47136 Davis Unions,North Jessica,Massachusetts,18896,-44.943388,44.773769
James Ball,53,857 Cole Corner,Katelynberg,North Dakota,50033,144.274773,40.088338
Dr. Maria Jackson,46,4808 Michelle Fort,North Sheilaside,Wisconsin,73133,5.801183,-10.915768
James Gillespie,70,80419 Gaines Fort Apt. 977,East Jasonburgh,Iowa,34679,-6.634806,41.254165
Daniel Welch,66,515 William Dam,South Billy,Georgia,15516,78.378157,-7.445077
Adrian Anderson,40,70322 Michael Mews Apt. 301,East Ryan,Wisconsin,81374,-173.229233,-43.839034
Melissa Horn,52,099 Jones Mission Suite 646,North Travisshire,New York,43556,82.454998,-40.551252
Robert Thompson,58,0920 Bowman Pass,Hunterview,Vermont,00845,-94.566950,-67.093189
Karen Elliott,38,7780 Virginia Prairie,West Lindahaven,Ohio,95069,30.142090,-14.1234205
Lauren Hall,57,6442 Gonzalez Overpass,New Alexshire,Maine,05412,-146.108466,50.500578
Gabrielle Riley,40,733 Patricia Oval,East Stacyberg,Iowa,34032,23.016276,-73.918239
Vanessa Hensley,54,298 Julie Mill Apt. 395,Dominiqueside,Virginia,28694,154.075038,-55.309706
Jasmine Booth,23,062 David Mountains,South Davidport,Hawaii,56705,-49.067478,58.8823055
Jennifer Pittman,28,675 Sullivan Ridges Suite 480,Pattersonmouth,New Hampshire,07828,-94.166179,61.694323
Christopher Ford,26,52989 Susan Spurs Suite 975,Stevensmouth,New Mexico,70749,107.359205,56.074653
Candace Sparks,59,09952 Hatfield Street,East Kimberlymouth,Massachusetts,46795,-176.168614,-4.151642
Marissa Chapman,35,779 Michael Highway Suite 047,Dillonfurt,Mississippi,52394,-97.919445,-44.6642395
Brendan Martin,62,61684 Jason Turnpike Suite 574,Lake Stephanie,Minnesota,76969,60.226057,32.3729585
Brenda Klein,37,1526 Brown Loaf Apt. 894,Gabriellechester,Georgia,78775,46.991272,54.4834325
Kimberly Gill,19,019 Armstrong Garden Suite 558,Michelleland,Hawaii,05358,75.192120,-52.587583
Dr. Shawn Rivera,72,9911 Gloria Dam Suite 217,West Caitlyn,Arkansas,42552,-157.722955,-42.749589
Monica Lynch,76,439 Nancy Ridge Suite 544,Wintersmouth,Pennsylvania,09211,-41.426767,81.3221185
Robert Brown,50,8006 Schneider Terrace,Josephmouth,New Jersey,38986,73.757344,71.5113565
Tracy Clark,63,9613 Amanda Junction Apt. 647,Lake Timothy,Texas,70560,124.754022,-10.891179
Michael Freeman,42,63660 Suzanne Ports Suite 058,East James,Maryland,36232,86.220484,-14.248308
Matthew Harrington,53,06470 Alvarez Ports Suite 082,Lake Jessica,Georgia,38162,-43.323570,-82.555352
James Costa,47,0963 Pamela Shoal,Brittanyland,Maine,03480,137.103623,0.431478
Larry Anderson,33,1312 Adriana Neck,New Johnberg,Wisconsin,30865,110.984538,77.4873825
Andrew Barron,73,6468 Williams Extensions Apt. 772,Robertsontown,Washington,16221,-105.818227,46.5516985
Leslie Rodriguez,68,488 Kristy Mills,Lake Kristinfort,Maryland,41573,-31.983088,-59.5228365
Mrs. Kristen Jenkins,65,703 Carlson Mews,East Rebeccafort,Maryland,60285,167.308085,83.7301055
April Smith,61,11735 Rosario Lodge Apt. 077,South Deborahport,Kansas,71897,-56.801224,-23.870178
Tony Lang PhD,44,3788 Lindsey Corner,Robertville,Wisconsin,81324,0.330202,33.7294855
William Miller,42,4425 Ramirez Key Suite 836,North Makaylabury,Minnesota,81365,37.686714,-55.230579
Stephanie Haney,36,91765 Ryan Knolls,Danielshire,Georgia,25350,-102.624118,60.5876455
Tyler Williams,42,43288 Page Isle Apt. 692,North Joann,Alabama,26536,39.249328,62.5988785
Kevin Montgomery,78,577 Madison Common,Jacksonton,Tennessee,59435,-152.433633,60.117402
Maureen Henry,24,182 Gill Valleys Apt. 829,Samuelside,Minnesota,41763,91.186225,82.8625665
Julie Jacobs,42,473 Karen Radial,Lake Ericaland,Maryland,11139,133.108070,33.953396
Hannah Morgan,76,33017 Benitez Rest Suite 253,Blackborough,Idaho,60281,-57.061243,15.855936
Lydia Ingram,48,48403 Jones Cape,East Megan,Vermont,35776,-172.449681,21.403257
Mr. Mark Hunt,46,81187 Tyler Path,Brianstad,Iowa,77440,-166.973646,18.037307
Amanda Jimenez,67,864 Michael Trail Suite 542,South Amandashire,Arkansas,61956,-99.162118,71.810853
Jacqueline Wood,21,6451 Key Stream Suite 850,Port Bob,New Jersey,38972,93.198144,84.010215
James Adams,19,6835 Bradford Loop,Garciahaven,New Hampshire,05092,-32.109791,24.4858555
Steve Brown,20,11080 Malone Mountain Suite 930,Hannahshire,Iowa,61618,-101.589532,-42.696563
Tammy Fletcher,38,7704 Maddox Locks,South Robertfort,Kansas,05220,-100.463588,-24.0830005
Samantha Cruz,20,603 Connie Gateway,East Matthew,New York,25620,-5.432150,56.623246
Tasha Gordon,43,133 Mark Islands,West Alexisport,Colorado,59579,142.268380,-62.4616065
Charles Powers,58,8497 Estes Harbor Apt. 137,South Laura,Wisconsin,03015,79.794187,74.517519
Matthew Garrett,50,514 Gibson Parks Suite 984,North Natashaland,South Carolina,67678,135.265745,-46.6860495
Jennifer Spence,74,97334 Paula Branch Apt. 114,Lake Johnnybury,Wisconsin,93028,-33.597648,-43.7967645
Cheryl Harris,72,9968 John Garden Apt. 520,West Amanda,North Carolina,57668,-63.777774,64.495206
Brian White,31,20582 Henry Parkway Apt. 226,North Sharonbury,Illinois,45371,-102.003846,-55.5561805
Shelby Johnson,58,638 Brown Port Apt. 946,East Williamview,Georgia,72277,35.620553,3.468826
Kristen Alexander,54,69108 Donald Burg,North Krista,Rhode Island,69499,104.553236,7.0876345
Riley Johnson,37,8737 David Cliffs Apt. 874,New Stephanie,Maryland,20022,45.891088,30.336816
Stephanie Reynolds,49,146 Cynthia Route,Banksville,North Carolina,61734,-9.552659,1.6072985
Michael Miller,31,1923 Myers Extension,West Edward,Oklahoma,08236,-84.921445,11.3168975
James Bailey,62,3325 Stewart Shores Suite 200,Anthonyside,Kentucky,02461,-177.157670,23.9376755
Deborah Williams,74,64592 Maddox Fall Apt. 485,Torrestown,Wisconsin,11417,-1.794777,-11.215186
David Barber,61,8060 Shelton Common Suite 847,Aprilbury,New Hampshire,40141,31.509165,-29.761780
Hector Orozco,39,674 Lawrence Bridge Suite 842,Lopezmouth,South Carolina,42434,115.886693,-12.963126
Nathan Scott,65,272 James Forest Apt. 264,New Davidville,Michigan,19294,-86.904375,-25.091626
Amber Sherman,72,448 Hatfield Plaza Apt. 762,Danielstad,Illinois,04635,34.010392,31.1014485
Gary Solomon,49,7654 Morales Canyon Apt. 923,Kelliburgh,Ohio,81281,-60.801061,61.826005
Andrea Mcguire,47,5987 Brent Crescent Suite 000,East Thomas,Maine,69131,-88.411240,80.3150775
Michael Williams,63,00574 Rachel Pines,Crystalfurt,Delaware,42663,-67.165624,-70.756847
Mario Black,52,658 Tonya Viaduct Suite 183,Davidburgh,Maryland,98853,8.900350,-63.0549235
Casey Frye,48,1224 Johnson Brooks Apt. 078,Lake Melanieview,Florida,31677,-177.831014,30.3140325
William Burch,29,6504 Kevin Plaza Apt. 424,Lake Erikahaven,Wisconsin,98501,-84.226886,-32.2233745
Robert Conrad,26,29383 Brooke Rue Apt. 745,North Jonathan,Alabama,78544,-70.636689,-6.2407285
Shannon Steele,48,772 Phillips Harbors,Lindaside,Washington,55244,4.202324,86.109881
Jennifer Myers,57,746 Jeffrey Streets,Ariasmouth,Oregon,12967,-162.101913,60.688772
Rebecca Webster,50,1148 Perry Glens Suite 028,Arnoldfurt,Oklahoma,32829,-173.962426,87.786014
Kelly Jackson,72,579 Matthew Trafficway,Port Michael,Wisconsin,26641,59.681621,-26.3086845
Megan Martinez,71,01046 Rachel Mountain,North Nicolehaven,Oklahoma,49593,-96.017331,30.901446
Wendy Stephens,25,315 Melissa Overpass,West Joelberg,Nevada,56110,-151.771128,-41.970239
Thomas Boyer,40,1472 Griffith Islands,South Markburgh,New Hampshire,80971,-123.587692,87.7025365
Christopher Kennedy,59,1524 Elizabeth Cliffs,Selenachester,Ohio,00613,45.669578,27.754064
Michael Hall,47,5357 Townsend Estates,North Ashley,North Dakota,24393,-101.239121,39.3474565
Lisa Medina,78,93183 Murray Harbors,East Georgeville,Pennsylvania,97444,99.049471,1.003703
David Walker,34,3777 Luis Rest Apt. 632,Port Jeremy,New York,16240,-173.132180,37.9811715
Jonathan Mathews,39,4144 Richard Knolls Apt. 756,West Joshua,Virginia,54383,33.501482,-43.0334215
Brandon Cantu,44,0106 Stacy Wall Suite 177,North Annmouth,North Dakota,20922,136.185452,-52.4285325
Jeffrey Brooks,43,48566 Brandon Streets Suite 653,Frazierbury,Virginia,33465,-80.358692,-61.2690375
Christopher Anderson,53,1110 Heather Ford Apt. 869,Moorebury,Vermont,29500,53.191967,61.5002335
Michael Daniel,72,23366 Shannon Parkways,Matthewberg,Oklahoma,64338,148.513903,-84.7950325
Vincent Wright,61,67158 Matthew Cape,South Jaimehaven,Idaho,43536,-84.729547,-23.464820
Patrick Thomas,53,26350 Perkins Vista Suite 632,Christopherfort,Wisconsin,84209,-16.137215,-41.350805
Adrian Khan,31,0881 Emily River Apt. 257,North Wayne,Missouri,31434,-88.923296,72.3317975
Sean Graham,38,651 Bailey Lock Suite 026,North Joyceville,Rhode Island,84817,149.346723,-84.408108
Stephanie Flores,23,0426 Diana Garden Suite 656,Branchborough,Massachusetts,94243,106.863533,50.037339
Whitney Martin,38,978 Cunningham Ways,Wallshire,Maryland,96341,46.842253,-74.4411185
Antonio Jacobs,50,6341 Rodgers Green Suite 667,Brownburgh,Indiana,27085,31.877154,7.8298445
Christine Murray,77,07371 Carol Lane Apt. 619,Kimberlyfort,Georgia,60812,-19.417797,-42.113479
Lynn Wu,24,1025 Roberts Fields,Josestad,Missouri,08303,74.587761,72.3452595
Kelly Martinez,26,9121 Martinez Locks Suite 295,Port Cheryl,Missouri,27258,124.179598,-60.539177
Jason Wright,21,006 Hamilton Station Apt. 606,Kimberlyberg,New Jersey,52969,-36.931993,-34.878171
Cynthia Patterson,73,12307 Stephen Island,Hutchinsonberg,New Hampshire,73563,-165.374067,-71.8609495
Adam Brown,79,2252 Green Walks Suite 945,West Seanborough,South Dakota,54645,43.062914,-33.6882665
Tommy Walton,44,91284 Rogers Junction Suite 852,Michaelmouth,Kansas,88114,-171.872044,48.2714685
Kelly Reed,27,5328 Emily Mountains,Alvarezmouth,Vermont,52034,-54.368428,12.6999165
Charles White,42,283 Hawkins Land,South Andrew,Tennessee,44093,102.072376,69.1299895
Dominique Tran,65,397 Megan Extension Apt. 042,Port Williamberg,Hawaii,08013,139.671517,61.299989
Janet Griffin,64,2728 Smith Mall Suite 012,East Kennethton,Utah,61161,-0.950541,25.900797
Zoe Lewis,50,2092 Mariah Expressway,Henryport,Pennsylvania,90782,-125.464621,-42.0331445
Tracy Williams,18,664 Tyler Lodge,Annetteborough,Arkansas,97466,14.257946,-74.3629145
Lori Webb,27,1235 Earl Forest,Abigailchester,Nebraska,58742,56.716620,-25.675713
Charles Gilbert,36,8109 Tyler Rue Suite 598,Webermouth,California,69902,-72.554222,66.6159455
Katelyn Young,64,8652 Anthony Skyway Apt. 721,Port Jennifer,New Hampshire,61517,8.230400,-8.3757295
Marilyn Phillips,33,17215 Diaz Ranch Suite 180,Karenburgh,North Carolina,08832,-0.610046,44.216148
Sheila Sweeney,49,47327 Steven Flat Suite 957,Erikshire,Arkansas,26120,-40.679939,-29.4554545
Travis Wood,74,22163 Jackson Skyway,Jillside,South Carolina,62530,155.016682,-14.7804325
John Nunez,44,0743 James Estate Suite 732,Scottshire,Arizona,06028,105.078344,-4.5156565
Robert Rodriguez,72,17854 Theresa Brooks,New Leonardberg,Delaware,28227,-59.239944,74.2670465
Kathleen Bass,44,80775 Olsen Way Apt. 438,Taylorberg,New Jersey,86931,168.407811,-30.303295
Jeffrey Oneill,24,37126 Carroll Square Apt. 677,Oscarmouth,South Carolina,49440,-90.529832,39.3928435
Keith Greene,64,609 Adrienne Wall,Josephstad,Nebraska,13737,-98.000462,-26.4455255
Edward Lynn,68,8120 Anthony Viaduct,Kristinaport,Alaska,15944,129.871559,-9.318117
Dr. Meghan Reed DDS,28,294 Albert Ramp Apt. 016,East Lori,Idaho,91960,-175.512891,43.9072205
Raymond Rodriguez,70,5444 Erin Ferry Apt. 232,East Jacob,Montana,29806,179.899203,-43.0950245
Jesse Hogan,76,824 Patricia Lane,Lake Lisafurt,Ohio,04915,-78.690712,13.9781525
Christopher Flores,51,1215 Whitaker Track Suite 733,East Mariefort,Montana,86786,83.166900,-83.3978985
John Jackson,55,479 Schmidt Corner,Wallacemouth,North Carolina,86109,108.119184,64.0739155
Cassandra Burton,20,30217 Virginia Place Apt. 791,Simmonsfurt,Missouri,76771,-136.218756,-77.1083505
Brandon Moran,31,7954 Samantha Extensions Apt. 452,Austinmouth,Kansas,48486,125.283782,1.008555
Rebecca Meyer,34,802 Smith Tunnel,Michaelmouth,Minnesota,19065,107.891301,-2.749419
Autumn Anderson,78,518 Stephanie Fields,Toddside,Delaware,04716,-35.179532,-82.4836015
Stephanie Fisher,47,431 Edwards Center,Brandyville,Minnesota,91061,-156.653868,32.917121
Rhonda Diaz,62,68008 Jasmine Mission Suite 584,New Jenniferport,Wyoming,96958,68.128470,76.770827
Raymond Wood,30,48345 Katherine Terrace,North Luis,Pennsylvania,01715,178.525737,30.5623915
Heather Martin,30,565 Laura Loaf Apt. 502,South Emmaview,Georgia,77097,-121.726278,9.1214765
Rick Curry,40,2552 Jonathan Throughway Apt. 735,New Johnhaven,Missouri,33321,-63.141707,-1.020692
Richard Garcia,67,260 Lee Rest Apt. 996,South Robert,Washington,61936,-31.265440,62.586587
Connie Brown,80,82471 Marisa Island Suite 709,Madelineberg,Maryland,48558,27.561925,30.2364625
Shannon Johnson MD,54,7414 Danielle Land Apt. 481,Lake Christina,Mississippi,45302,79.776461,-20.5628375
Douglas Holland,62,218 Gonzalez Harbors Suite 356,South Amymouth,Arkansas,23976,-7.259399,-65.543764
Antonio Morton,24,7238 Clark Manors Apt. 788,East Jenny,Georgia,18903,103.972185,54.288992
Jeanette Martinez,71,2658 Eric Dale,New Keithside,Idaho,37235,150.648951,52.809081
Edwin Smith,19,867 Melissa Fords Suite 306,Whitakerfort,Connecticut,43520,167.879168,-23.081881
Gregory Williams,66,164 Humphrey Walk Suite 769,Port Melissa,New Hampshire,21732,-67.261427,1.3170895
Jeffrey Stuart,19,29257 Sonya Drive,Jennafort,Tennessee,54327,36.396031,-76.086274
Kenneth Nelson,41,87434 Laura Causeway,West James,Alaska,03481,-33.149174,-21.598357
Rhonda Rice,60,9392 Allen Groves,Kaylaburgh,Massachusetts,34533,-105.861514,-12.0543455
Jacqueline Gomez,37,58096 Brown Alley Suite 161,Jonesmouth,Washington,06732,-26.666381,-20.441069
Scott Perez,19,0480 Romero Rapids,North Brandi,Arkansas,34028,131.113404,67.7276495
Shelly Morrison,52,373 Stephen Pass,East Emilyside,Illinois,45797,76.198270,-0.618377
Sandra Frey,64,43775 Lawrence Springs,Lake Kimburgh,Rhode Island,73595,17.634340,54.7818525
Rachel Marquez,56,947 William Via,North Kristinport,Vermont,29761,-146.382372,-61.060341
Wanda Espinoza,70,745 Anthony Branch,Kaitlynmouth,Wisconsin,88124,-130.719201,27.544641
Jose Todd,23,13632 Curry Fall,South David,Minnesota,65916,31.617747,89.4376125
Nina Parker MD,59,8911 Smith Mission Suite 191,West Virginialand,Massachusetts,50091,-154.472455,-68.016662
Shane Trujillo,78,2807 Conway Haven Apt. 989,Port Anthony,Tennessee,23383,92.836601,-54.9099005
Caitlin Brown,74,46852 Smith Ridge,Butlertown,Tennessee,42325,-30.683559,52.634524
Ashley Roberts,49,940 Nguyen Oval,South Michael,Nevada,95377,-28.336898,-30.0477395
Laura Johnson,36,6825 Karen Loop,Vanessaborough,Florida,37174,-81.561312,40.090571
Rachel Johnson,45,2754 Graves Road Apt. 473,West Andreview,North Carolina,75404,-113.444647,-13.7149525
Kevin Carter,57,731 Morris Well Apt. 118,Jenniferland,North Dakota,16227,35.359732,-30.0118205
Cheryl Hubbard,63,1521 Huerta Forge,Alexishaven,Kansas,73467,-23.188508,-57.782237
Brittany Grant,75,44172 Jason Greens Apt. 523,Lisashire,Alabama,58233,-11.213180,54.4917255
Shannon Miller,59,897 Sara Hills Apt. 208,West Davidhaven,Rhode Island,57330,-157.072609,54.0992235
Sarah Moore,36,95105 Browning Overpass Suite 265,North Rachel,Florida,41222,-51.746090,-25.4684175
Casey Harrell,69,48275 Kristen Course Apt. 534,Micheleview,Delaware,90230,138.773767,-18.234258
John Lam,74,8897 Matthew Corner,Mariaside,Louisiana,43521,-7.693979,-59.502488
Angela Shields,19,1819 Jessica Meadows,South Juliefurt,Nebraska,18641,45.026567,-16.5020435
Daniel Davis,66,1688 Nichols Plains Suite 140,Davisborough,Oregon,54211,-113.019352,62.270317
Miguel Chambers,69,57801 Kevin Land Suite 517,Johnsonmouth,Nevada,25957,-19.542220,16.2136855
Michael Arias,32,657 Green Hills,Pettyfurt,Virginia,48494,-156.922091,-2.533241
Andrew Jones,36,5496 Francisco Glen,South Anthony,Montana,05597,68.991386,-47.859699
Samantha Hernandez,74,94347 Kimberly Meadows,West Chris,Hawaii,75619,58.721119,-75.5317375
Raymond Swanson,67,8763 Golden Ways,Carlsonmouth,Idaho,56959,-39.036724,70.700377
Brandy Miller,59,497 Jason Avenue Suite 683,Rivasburgh,Colorado,13759,-116.289370,55.3450825
Kevin Simmons,38,04367 Lyons Alley,Jordanton,New York,99667,158.799722,27.1799355
James Dawson,54,3180 Sabrina Stravenue Apt. 007,South Mariafurt,Washington,07575,-24.197697,-66.815970
John Williams,44,593 Lawrence Dale,Port Michael,Nevada,29045,-62.290263,37.294960
Andrea Fernandez,28,959 Christopher Track Suite 278,Kirbyfurt,Kentucky,47560,144.913217,-8.786335
Melissa Myers,56,7005 Elizabeth Crossing,North Dominique,Texas,45371,-140.479632,81.7837055
William Garcia,80,015 Sabrina Mall Apt. 008,Samanthaburgh,Louisiana,72749,-51.234357,-14.3368495
Christopher Coleman,20,96688 Lambert Crossroad Apt. 827,Robertfurt,Rhode Island,30247,89.102231,34.091444
Tina Campbell,56,8368 Fisher Inlet,Hinesborough,Kansas,91599,-178.825979,-31.9175965
Brett Ward,72,214 David Mountain,Port Aaron,Maryland,22644,106.657698,-47.5888075
Scott Hoffman,52,94315 Hoffman Curve Apt. 883,Joycehaven,Hawaii,86506,-12.280148,86.3615145
Curtis Williams,47,143 Daniel Lodge,West Ryan,Delaware,39036,130.696630,-52.952738
Lori Moore,67,8771 Hunter Harbor,South Kimberlytown,Ohio,29502,-30.444195,-40.087525
Andrew Smith,73,606 Nelson Light,Port Mark,Michigan,50917,55.591434,-57.7532795
Deanna Foster,44,8385 Joseph Fords Suite 038,Adrianfort,Missouri,69694,-68.384923,16.9526475
Sarah Williams,71,201 Eduardo Trafficway,Davistown,California,33585,112.002850,-57.190154
Victoria Keith,33,49365 Doyle Plains,Castillomouth,Missouri,27845,158.658403,-36.589123
Emily Brown,36,0836 Phillips Forest Apt. 029,Kennedyberg,New Jersey,19173,123.756702,-32.264321
Lindsey Dillon,32,0918 Scott Harbors,East Kathleen,Alaska,84322,175.336705,-83.0177705
Kelsey Jenkins,38,2854 Burnett Glens,Elizabethstad,Texas,90311,170.043961,-60.8460595
Samantha Short,46,196 Angela Shoal Suite 306,Whitebury,Arkansas,74585,123.871930,-16.639257
Bradley Brown,52,8301 David Forks,South Jasonville,Massachusetts,13813,121.775986,17.4704345
Jeffrey Cherry,30,669 Tara Crossing,East Travis,Missouri,66379,-134.169961,-32.0011195
Nicholas Allen,38,885 Thomas Cliff,Port Rhonda,Delaware,09298,-128.440323,-71.7049745
Sharon Cooper,24,3440 Chelsea Mountains Suite 554,Michellemouth,Montana,63020,86.911876,2.1948325
Michael Douglas,66,636 Martin Inlet Apt. 344,Donnaborough,Illinois,01719,-57.497210,-15.1447805
Larry Dickerson,24,946 Stout Shoals,Rodriguezbury,Delaware,58097,105.283910,52.2299565
Cassandra Wood,78,93972 Garcia Ports,Port Sherri,Louisiana,38740,-126.958081,57.1080775
Carrie Russo,25,7007 House Meadows,East Deborah,Florida,75162,-97.024661,-81.507535
Krystal Rodriguez,76,98670 Garcia Port,Lake Michael,Delaware,58882,47.496471,10.5680355
Timothy Gray,53,328 Lori Crescent,North Thomas,Kansas,25883,108.194174,-43.0406045
Anthony White,71,147 Adrian Cliffs,West Wayne,Iowa,63009,-64.968474,30.8753225
Christine Carroll,18,5022 Alexander Parks,West Kurt,Virginia,82829,-82.020810,-69.6403065
Todd Barrett,31,184 Payne Falls Suite 651,East Raymondview,Arkansas,32790,15.049445,-48.5050425
Shannon Jackson,72,764 Crystal Drive,Port Olivia,South Carolina,26309,127.006781,-16.5286695
Daniel Johns,71,5529 Gary Courts Suite 579,Greenshire,Oregon,78691,152.794986,6.801965
Donna Evans,29,7036 Garcia Alley Apt. 945,Kathrynberg,New Mexico,91681,-53.478388,-10.268138
Nicole Riggs,79,619 Hernandez River,South Richardland,Colorado,74533,-21.030716,-69.4933965
Joshua Paul,24,2861 Jordan Springs Suite 373,Arthurmouth,New Hampshire,36446,91.735946,55.5340135
Caleb Rose,44,23814 Paul Circle Apt. 366,Tamarastad,Arizona,95973,-63.891623,62.234207
Wesley Lopez,48,1294 Jorge Hill Apt. 542,North Calvin,Kansas,68500,61.614529,-52.6644215
Aaron Martin MD,48,1608 Nancy Roads,Andersonport,Oklahoma,13297,-161.933149,66.116660
Amber Copeland,78,14973 Devin Mountains Apt. 384,Port Trevorport,Idaho,14607,26.235153,-81.0996545
Mark Nixon,31,920 Courtney Spurs Suite 703,South Stephanie,Connecticut,64062,-12.882917,-73.0995665
Donna Mcdonald,46,236 Gentry Freeway Suite 307,Port Ashleyport,Kentucky,69429,-5.440695,-72.0371975
David Barr,33,4134 Martinez Junctions Apt. 335,Walkermouth,Illinois,04465,11.451109,24.659455
Gina Barnes,30,0984 Andre Shoals,Port Michael,Vermont,96438,30.268437,-40.278942
Mason Davis,19,6091 Hall Rapid Apt. 843,Danatown,Missouri,53436,171.567256,-56.842850
Susan Flores,78,89807 Matthew Fords,Turnerhaven,North Dakota,96400,-91.011148,-44.5658345
Dean Baker,48,42450 Jonathan Courts Suite 222,North Paul,Kentucky,50266,60.737895,24.1855005
Matthew Brown,33,6680 Carroll Glen Suite 377,Markville,South Carolina,45666,73.434297,-65.0548255
Tiffany Wells,56,6099 David Radial,New Jeanetteville,Georgia,11392,-119.634084,64.7835815
Amber Mitchell MD,30,1876 Walter Extension,Susanfurt,Maryland,72175,-101.853464,-87.663019
Sandra Hobbs,60,95113 Corey Lights,Sandersborough,Indiana,82319,139.904205,-85.1033155
Kenneth Gomez,31,530 Benjamin Plaza,Ingramshire,Minnesota,85838,-54.540915,19.6885205
Ricky Moore,33,477 Rachel Ramp,Larsonville,Nebraska,67122,-73.009248,21.7227065
Juan Hawkins,52,5597 Davis Trail,Millerport,Texas,80948,-106.378897,-64.2750755
Phillip Martinez,22,3842 Villegas Rest Apt. 706,Deniseshire,Oklahoma,38256,146.612456,-47.9807575
Victoria Delacruz,20,13996 Tyler Islands Suite 319,New Tiffany,North Dakota,97118,50.629863,33.786066
Sherry Richards,24,1594 Jason Common Suite 140,Cindyside,Illinois,70712,174.329635,43.8378685
Preston Page,72,73639 Guzman Port Apt. 814,North Jordan,Massachusetts,55288,36.413648,-17.565220
Darren Hoover,42,95673 Robert Pine Apt. 144,Port Jeffreyport,Alaska,29515,-86.619007,-64.3641675
Jennifer Conner,62,294 Stewart Bridge,New Monica,Hawaii,50984,57.291693,36.045245
Stephanie Marshall,35,67149 Edwards Row,Shirleyfort,New York,78374,-158.689270,39.863614
Sara Torres,29,18454 Dustin Inlet,Mooreburgh,North Dakota,92107,85.662381,88.4546755
Arthur Vargas,79,1003 Susan Burg Apt. 912,North Amandaside,Virginia,97446,-11.743345,16.061014
Scott Foster,25,66837 Burgess Islands Suite 810,Sarahview,Arizona,88920,160.340632,59.8759155
Timothy Thornton,43,183 Mack Stravenue,Lake Hannahbury,Michigan,53251,158.472272,58.206669
Andrew Dixon,79,28270 Martin Shore Apt. 027,Rodriguezberg,Louisiana,27684,87.372570,3.714952
Renee Bowen,65,68350 Bradley Park Apt. 295,New Belinda,Oklahoma,61817,166.028272,75.762878
Paula Horton,33,5395 Davidson Turnpike Apt. 597,North Jamesland,West Virginia,73315,4.798611,18.954648
Megan Rodriguez,20,049 Jimenez Rapids Apt. 590,Lake Tammy,Mississippi,48597,-95.551307,78.644458
Catherine Smith,45,69652 Ortega Branch,New Derrick,Wyoming,99062,-36.189259,18.0308075
Kevin Jones,77,3126 Allen Village,Silvaland,Missouri,86411,20.332697,-47.244288
Ashley Dickerson,27,2201 Stevens Flat,North Aaron,Hawaii,39625,-123.857994,-35.0618995
Dennis Smith,40,2205 Marsh Throughway,Brightmouth,Vermont,11586,56.092200,67.968239
Douglas Weaver PhD,55,96447 Stephens Overpass Apt. 504,South Kevin,Mississippi,08671,179.163558,-9.045033
Teresa Flores,73,2300 Baker Loop Apt. 378,North Thomastown,West Virginia,89017,-162.405955,-61.561326
Angelica Payne,63,1390 Smith Stream,Lesterton,New Jersey,51730,82.313741,36.3881755
Bonnie Howard,31,26362 Harper Extension Apt. 939,Port Curtischester,Wisconsin,76708,36.091032,18.9554155
Mr. Shawn Jones Jr.,34,4114 Price Neck,Stephaniechester,Ohio,74950,-10.339653,32.790253
Jessica Baird,33,60683 Smith Forges,Carolinebury,Kentucky,20256,162.937174,-35.637696
Christopher Willis MD,78,9132 Gordon Shoal,Richardsonland,South Carolina,82100,-171.097562,31.804634
Tony Wade,74,933 Ochoa Stream,South Jamesbury,Rhode Island,33615,177.928080,64.867646
Paul Blake,54,34528 Ryan Hollow,Hendersonport,Oregon,00817,47.706491,74.918991
Michael Bailey,53,439 Mark Motorway Apt. 594,Briannafurt,Delaware,62136,158.060122,1.8583805
Michelle Castro,55,0890 Chad Heights Suite 179,North Erika,Texas,70578,4.006914,72.855339
Alexander Chase,77,30058 Vance Forge Apt. 860,Port Debbieberg,Ohio,00518,111.812060,-87.838106
Anthony Rodriguez,41,108 Michael Harbors,West Kristenton,Arkansas,75616,-143.118113,-83.493443
Kevin Baker,80,2601 Mitchell Shoals,Drakeview,Texas,61906,-17.055024,-46.460388
Cynthia Meza,53,4225 Bradshaw Lock Apt. 419,West Philip,Nevada,83340,-121.128352,53.7245555
Eric Drake,18,783 Smith Springs,South Markhaven,Tennessee,84160,87.836685,41.2488745
Donna Sanders,22,30672 Brown Ranch Suite 784,Johnchester,Iowa,64826,-76.175244,78.254515
Evelyn Davies,30,8481 James Trail,Fosterville,Tennessee,67987,-157.163821,24.441208
Jeremiah Becker,51,8051 Gibson Mills,South Matthew,Texas,63625,136.578737,38.295294
Johnny Foster,52,071 Jean Island Suite 478,Sotobury,Montana,49422,65.455809,49.3458765
Wendy Nelson,18,82396 Fleming Avenue Apt. 679,Ballbury,Pennsylvania,22616,90.381592,79.000021
Melanie Robbins,59,786 Jenna Cliff,Johnsonberg,South Carolina,76938,160.640566,-35.348636
Kelly James,48,980 Amy Freeway Apt. 277,Riversville,New Mexico,92604,30.621204,12.424972
Michael Anderson,27,074 Conway Garden,Hallhaven,Maine,57774,20.692328,-24.760831
Bradley Turner,40,9188 Parker Branch,Nelsonhaven,Connecticut,99392,47.160696,59.1978665
Mark Dunn,65,312 Marie Terrace Suite 845,Lake Jasonhaven,Hawaii,26186,-49.269215,34.078638
Leslie Bowen,54,9196 Anthony Groves,West Kayla,Alabama,32783,79.971525,53.467259
Mike Hanson,23,81319 Sanchez Plains,Lisaland,California,12132,173.027102,70.5961335
Justin Jimenez,49,0529 Madison Flat Suite 699,Nelsonchester,Iowa,56371,-68.899132,33.824632
Donna Price,28,452 Vanessa Orchard Apt. 846,Westbury,Vermont,11259,-162.815445,-8.925370
Toni Carson,76,281 Peterson Circles,East Keithshire,Michigan,96906,8.348536,-39.886138
Jessica Lawson,48,91691 Stewart Forks,East Richard,Montana,22368,169.238345,-37.5556175
Stacy Mcguire,18,75410 Michael Shores Apt. 402,Jasonborough,Oklahoma,03008,169.141438,62.5441645
Miranda Garza,66,824 Valentine Views,Port Brandyburgh,Rhode Island,02238,139.035856,-72.431115
Ryan Hatfield,24,3873 Griffin Common,Baldwinbury,Arkansas,35275,-170.756689,-27.6445125
Melissa Lopez,52,566 Lauren Port,Timothyland,New Jersey,01930,-92.099823,-37.3888545
Thomas Mitchell,30,08770 Rollins Stream Suite 971,Amyland,Wisconsin,39142,-54.497032,-8.519345
Lindsey Clayton,47,813 Andrew Street,Lake Robertborough,Oklahoma,52128,157.714454,17.7540075
Blake Page,80,4441 Buchanan Spurs Apt. 385,West Suzanneshire,Illinois,04158,9.302673,-68.593986
Victoria Foley,31,757 Karen Fords Apt. 523,New Amber,Pennsylvania,76273,-121.548370,-67.997207
Scott Sanchez,43,93218 Fernandez Ranch,Robertsonview,New Mexico,38740,24.665650,40.9190225
Charles Wood,21,57153 Robert Haven,South Christopherfort,Iowa,32441,156.150569,-29.4022275
Samuel Ward,39,5983 Scott Circle,North Victorshire,Illinois,52895,-133.703326,18.6770875
Jeffrey Smith,73,1380 Mcgee Parkway Apt. 173,Pattonport,New Mexico,27890,98.349833,-47.4492515
Melissa Robinson,21,521 Teresa Branch Apt. 840,Lake Nicolas,South Carolina,71194,-36.892822,-4.525519
Scott Turner,25,563 Klein Manors Suite 924,Port Robert,North Dakota,94304,160.924965,-5.093550
Donna Cunningham,58,68148 Miller Squares Apt. 307,Lopezside,New Jersey,63329,-82.120017,19.660391
Meghan Garcia,39,94103 Patrick Common Apt. 994,North Jennifer,Missouri,44733,-155.615221,87.2287395
Kevin Jones,71,100 Rebecca Flat Apt. 903,Lake Justin,California,50016,-151.520889,-86.179065
Mary Gates,31,8627 Beck Route Apt. 947,Simsland,New Jersey,39222,20.772506,-27.2675935
David Harrison,42,209 Hester Bypass Apt. 285,East Brianberg,Indiana,22729,-19.037504,72.564154
Ronald Moreno,41,00309 Tonya Place Apt. 865,North Marcus,Illinois,47335,147.716358,-56.2207965
Amy Phelps,37,694 Samuel Orchard,Port Benjaminburgh,New Jersey,62122,135.060585,38.226347
Stephen Ellis,27,00424 Eddie Burgs,Kellyhaven,Wyoming,28492,170.863532,9.8648915
Jorge Wilson,33,96501 Anthony Island Suite 518,East John,New Mexico,31984,-92.249773,68.1775235
Jennifer Garcia,45,8883 Nelson Cape,New Joshua,Iowa,47169,-128.389896,-42.684060
Gina Griffin,43,4983 Howe Locks Suite 079,New Stephenmouth,Pennsylvania,22214,-34.336143,27.040079
Ashley Armstrong,74,369 Taylor Run Apt. 090,Teresafurt,Hawaii,49014,-166.997498,4.196713
Monique Bowman,65,0847 Jeffrey Tunnel Suite 515,West Crystal,Alabama,24313,-16.547239,-33.8240165
Patricia Strickland,67,507 Weeks Lodge,Hurleybury,Michigan,04561,-107.996484,-77.021502
Sarah Moore,39,327 Johnny Vista,South Jonathan,New Jersey,10230,-82.480276,-68.676833
Ashley Warren,63,8126 Barrett River,North Megan,Florida,87364,-86.761056,10.099212
Colleen Williamson,80,068 Gonzales Station,Lake Curtisshire,Hawaii,26046,-11.690850,-50.621906
Elizabeth Charles,44,07608 Lewis Divide Apt. 278,North Karaland,Maine,81616,-52.325146,-15.9665255
Joseph Dixon,39,78855 Joel Inlet Apt. 069,New Alexandratown,Connecticut,37935,87.186671,87.322154
Sarah Williamson,24,3132 Matthews Meadows,Jamesville,Virginia,19876,24.123738,19.630015
Tracy Rice,48,847 Lee Harbors,New Robert,Kentucky,47431,80.463589,-75.408835
Aaron Wheeler,67,180 Sharon Garden Suite 109,South Jacob,Texas,91288,-114.756180,13.150333
Jonathan Sanchez,24,8935 Marshall Mountains Apt. 811,Jordanstad,North Dakota,84016,-119.088046,4.888329
Charles Pennington,72,9799 Watson Mills Apt. 276,Anneland,Washington,76403,62.072363,30.429061
Timothy Barber,55,891 Fletcher Road Apt. 987,Lake Patrickshire,Idaho,62416,-132.346291,-64.096196
Mr. Seth Griffin,32,9957 Allison Isle,East Roberta,Connecticut,62399,-24.017667,-59.919907
David White,43,31518 Johnson Motorway,New Carlosfurt,Mississippi,08904,-15.953193,-1.794794
Sophia Adams,70,3548 Stevens Fork Suite 845,Colonhaven,California,31426,138.913077,-77.0337445
Jocelyn Riley,50,825 Cynthia Lodge Apt. 384,New Kimville,South Dakota,54995,41.263343,-53.8974705
Kelly Marquez,21,26452 Krause Drive Suite 642,Josephmouth,Ohio,18262,-23.901982,5.507910
Matthew Burns,69,2303 Mccann Unions,Johnsonberg,Illinois,11531,51.651436,2.4085175
Deborah Clay,70,1443 Amy Pass Apt. 509,Lake Shaneshire,Ohio,80593,121.574444,7.4431665
Sheila Finley,26,955 Miller Cove,East Olivia,Alabama,52330,66.765684,70.762570
Melissa Hudson,74,0309 Kelsey Passage Suite 762,Franklinfort,Maine,69346,-37.855337,32.148944
Michael Mitchell,18,306 Jacob Heights Apt. 230,Jenkinstown,Arizona,20010,-54.824727,-3.896627
Steven Trevino,73,1343 Jose Alley Apt. 710,Beckton,Idaho,47275,122.326038,-3.423602
David Sheppard,73,13845 Wade Passage Suite 326,Lake Timothy,South Dakota,30929,-39.503110,63.7132385
Johnathan Hebert,34,582 Bond Plains,Wongville,Maine,17746,86.367314,7.6919645
Todd Garcia,25,733 Devin Ville,New Scott,Florida,49758,150.799888,-64.993048
Colin Welch,63,91933 Daniel Common Suite 906,Williammouth,Utah,96830,-124.582929,-30.8904065
Rodney Simon,50,5434 Harrison Route,East Richardville,Georgia,25266,61.741581,-44.5614765
Kathleen Santos,77,9940 Mercado Village,Byrdville,Ohio,38690,84.655571,-44.043383
Nancy Johnson,56,18422 Allen Branch,Princestad,New Mexico,41841,-40.457655,34.2830115
Manuel Day,75,23429 Christopher Vista Apt. 459,New Cassidy,Oregon,19794,39.587079,41.4910285
Robert Wang,62,5766 Rivera Point,Maxwellview,South Carolina,05898,23.429617,-38.276302
Andrea Taylor,39,0904 Joseph Run Suite 613,Sharontown,Tennessee,90891,-15.393974,8.587928
Lisa Smith,38,0228 Campbell Mills,North Laura,Kansas,44780,-56.626487,-79.675843
Michael Pace,18,3191 Brenda Wall Suite 121,Jeromeport,Massachusetts,81151,19.472780,-71.749773
Earl Wheeler,56,4328 Martin Fork,North Lindsey,Kentucky,50324,-157.352104,-34.819807
Valerie Douglas,27,94462 Kimberly Mountains Apt. 517,Ashleyfort,Colorado,39489,155.014154,13.3526515
Jorge Kelly,71,8290 Gibson Island,Danielburgh,Illinois,31873,-35.324973,-40.841878
Mrs. Jennifer Kennedy,64,95489 Hardin Overpass Suite 441,Port Erik,Louisiana,36264,-85.653124,-6.597668
Matthew Richards,61,567 Smith Common,Jensenborough,Michigan,57878,-175.530090,-84.7798045
Brandon Zimmerman,42,9875 Rogers Extension Suite 950,West Katherinebury,Kentucky,61566,167.532921,-40.5907065
Sean Hayes,23,888 Herrera Mountain Apt. 134,East Jessicafurt,Arizona,17236,-59.472287,89.953857
Riley Gomez,75,4851 Lori Lights,Wallburgh,Kentucky,43695,82.947907,-79.735443
Daniel Glover,58,95943 Brittany Fork,Lake Lisa,Connecticut,40969,-177.590982,-58.5753535
Destiny Herrera,26,1395 Jacob Rapids Suite 283,Youngberg,Massachusetts,98242,-145.046856,-33.008595
Vicki Vincent,39,018 Perez Oval,East Shannonmouth,Mississippi,44953,169.191788,64.841284
Margaret Richardson,42,2932 Crystal Passage Apt. 281,Samanthaton,Rhode Island,93128,-148.623344,-87.470806
Chad Henry,28,1793 Rebecca Loaf Suite 166,Joshuaview,California,63306,113.964974,-18.0603305
Patricia Banks,21,217 Megan Wells,Reidfurt,West Virginia,31733,110.840904,23.761816
Christopher Carr,54,7216 King Curve Suite 876,West Angelica,Maine,61963,-34.266891,-56.2320265
Tracy Delgado,21,7937 Robert Plaza Apt. 681,East Kylehaven,Nevada,15580,-2.158807,0.2123105
Cody Zimmerman,49,9140 Hampton Light Apt. 038,East Tinafurt,Washington,01961,-8.326374,-33.2904775
Caleb Bell,71,569 Gregory Field Suite 252,West Christine,Colorado,75236,70.949816,-38.4468815
Aaron Ellis,69,62646 Mcmahon Place,Jenniferburgh,Nebraska,66547,-55.502329,-30.488390
James West,66,5333 Michael Glen,Welchton,North Carolina,37203,4.905094,21.4822155
Tiffany Jackson,74,807 Wood Walks,Rubenland,Mississippi,97411,91.638910,9.4198695
Rachel Smith,79,1482 Williams Stravenue Apt. 547,South Nicole,Illinois,34550,-40.198984,-47.8442185
Sharon Stephens,80,03623 Barker Locks Suite 557,New Alexandriamouth,Illinois,22011,24.397227,-31.3510485
Paula Dawson,28,303 Michelle Stream,Whitneymouth,Arizona,33531,84.658049,6.9470045
Sarah Wilkerson,33,829 Johnson Hollow,Pacefurt,Alaska,97016,-179.292036,-67.2987525
Stephanie Murillo,38,45907 Stacy Mission,Port Timothy,Tennessee,12696,78.900990,-6.898375
Stephen Rodgers,74,7215 Ross Trace Apt. 572,West Douglasburgh,Missouri,76361,155.083694,-30.538795
Patrick Cruz,28,02807 Samantha Junctions,Kimberlyborough,Florida,76588,-36.061278,18.9830775
Amy Velazquez,44,86346 Dalton Coves,North Wyatt,Louisiana,45836,-21.730558,30.090609
Matthew Jenkins,72,191 Aimee Plain Suite 267,North Dustin,Illinois,57507,-171.930733,-41.8970125
Melissa Soto,28,704 Graham Track,Isaacton,Indiana,38069,-14.785284,-88.9717165
Timothy Williams,19,11220 Rhonda Route,Saraburgh,Maryland,12834,62.898146,5.076588
Christopher Mendoza,80,00410 Dixon Plaza Apt. 433,Larryburgh,Oklahoma,41476,-66.633389,76.705072
Sandra Melton,59,8739 Rebecca Inlet Suite 678,Garciaberg,Virginia,42358,-31.484500,-51.559633
Christina Jones,50,843 Victoria Locks,Danielfurt,Arizona,88068,-93.549861,64.1719385
Dennis Moreno,70,55240 Horne Manor Suite 621,West Terri,Maine,78665,-66.312494,70.4803955
Jonathan Thompson,53,980 Schneider Hills,Clarkton,Pennsylvania,90594,20.834886,-56.0742655
Brandon Goodwin,77,1093 Henderson Viaduct,Lake Josephchester,Kentucky,78166,-110.354541,87.886456
Susan Johnson,76,69902 Walker Gateway Suite 191,Lake Brian,Nevada,67130,-130.822112,75.2730275
Shane Bennett,18,22638 Harding Station Apt. 265,South Vicki,Oregon,78234,-9.601822,-16.2359295
Ashley Cummings,74,467 James Port Apt. 272,Ronniefurt,Vermont,23105,-177.705737,-75.1641255
Garrett Walker,55,1926 Edwards Parkway Apt. 175,West Jeffrey,Vermont,23024,-25.788698,-45.335770
Andrea Pittman,78,025 Jones Ports,Clarkbury,New Hampshire,33816,73.616835,36.3876165
Kimberly Cross,24,93104 Barber Harbors Apt. 432,Campbellhaven,Massachusetts,56059,131.531831,70.208004
Linda Dickerson,29,19794 Cheryl Fork,Brownbury,Mississippi,02108,136.424528,33.083160
Sarah Lopez,75,900 Philip Turnpike,Barkerborough,Alaska,20924,-99.524505,-23.5535005
Daniel Landry,30,884 Solomon Estate,West Nathanielland,Minnesota,58247,-84.681918,-45.325737
Brent Bell,48,50708 Kelly Park,North Lisastad,Oklahoma,40684,174.008513,76.3357315
Carmen Lopez,23,7817 Raymond Oval,Elizabethview,Texas,43119,95.197369,53.6996955
Jeremy Morris,78,1608 Nicole Cape,New Eileenburgh,Virginia,92753,-0.180237,79.2258895
Matthew Hardin,36,955 Chase Station,Michaelberg,Alabama,04950,-33.833441,52.7944185
Adrian Smith,26,400 Isaac Oval,New Crystal,Virginia,66415,106.936551,84.0343575
Timothy Baker,55,799 Gomez Roads Apt. 945,East Christian,Tennessee,70426,-140.214911,-87.243599
Erin Brown,52,307 Simon Courts,Batesburgh,Kentucky,51188,21.703876,-52.4207905
Erik Hayes,77,322 Kristen Camp,South Jessicaborough,Rhode Island,28059,-81.219441,-42.230045
Stephen Green,36,6237 Melissa Way Apt. 123,Seanland,South Dakota,77951,-60.552063,41.753873
Heather Lewis,45,4126 Jacobs Neck Apt. 927,Port Taylorstad,South Dakota,68284,-107.818495,-60.1466395
David Foster,39,71271 Hughes Square Suite 465,New Marcusfort,Hawaii,09818,-53.577921,57.418548
Brian Martinez,59,595 Bell Plaza,North Ashleyshire,Alaska,91369,-120.710890,-63.853422
Steven Mclaughlin,67,80124 Evans Ford,Port Rachel,Mississippi,54717,44.999549,-63.0592275
Charles Hughes,49,4715 Troy Summit,Gabrielhaven,New Jersey,76048,-160.641459,85.924910
Christian Smith,62,114 Angela Street,Mackenzieview,Minnesota,06048,132.145520,15.3204105
Nicole Mack MD,76,997 Bell Cliffs,Andersonborough,Arizona,53042,-178.397513,-77.820259
Jeremy Gonzalez,51,96690 Jones Walk,Lowerytown,Iowa,41807,145.374340,26.2160445
Jennifer Sullivan,52,0872 Avila Meadows Suite 678,Allenland,Minnesota,47188,131.413269,-64.023207
Jessica Warner,68,6144 Michael Rue,Wardside,Rhode Island,78828,131.805549,-52.223474
Robert Doyle,49,136 Smith Rapids Apt. 820,North Patriciastad,Alabama,61352,-112.493232,10.7831065
Gregory Reynolds,37,23301 Combs Prairie Apt. 002,New Taylor,Illinois,43594,101.967949,-57.306034
Brent Hamilton,62,289 Wheeler Shores Suite 745,Tracychester,South Dakota,55270,-170.977369,-61.2565745
Caleb Watson,75,67320 Ricky Stream Suite 700,Warrenside,Wisconsin,85695,-114.875473,61.4920535
Mary Potter,68,855 Victoria Burg Apt. 854,New Geoffreyport,Arkansas,10094,-57.236224,-18.821648
David Morgan,79,648 Amy Streets,Diamondshire,Nevada,56798,-54.477220,-52.664602
William Brown,29,4078 Rose Meadow,North Travis,New Jersey,63472,-176.845877,78.0494745
Nancy Salazar,18,1355 Carr Squares,Dicksonfort,Vermont,90259,42.878209,55.7001145
Justin Maddox,76,582 Riley Summit Apt. 607,Jessicahaven,West Virginia,54713,-115.092132,-70.6704145
Michael Rodriguez,70,938 John Courts Suite 392,Arnoldborough,Kentucky,05788,52.745059,9.506021
Gerald Santiago,75,39013 John Mills,Charleshaven,Wisconsin,64950,-172.076875,86.3074145
Hannah Kennedy,40,8574 Justin Field Suite 442,Larrychester,Minnesota,82184,-111.201097,-15.1093225
Jeff Reynolds,70,199 Heather Junction Apt. 150,Katietown,Nevada,09544,159.072225,49.2271385
Michelle Juarez,38,17916 Lynn Skyway Apt. 616,North Angelamouth,Virginia,82001,103.879016,-21.9575645
Kimberly Smith,54,82719 Nelson Light Suite 885,Farleyhaven,West Virginia,24131,48.064184,37.681094
Natasha Fletcher,28,0622 Jeffrey Walk,Robertsmouth,California,36699,-92.486334,-58.214827
Joseph Mccormick,80,4458 Nathan Divide Apt. 812,West Anthonychester,New Mexico,75075,-96.540068,-70.121312
Devin Nash,69,54025 Heather Keys Suite 931,Armstrongside,New York,35302,78.583174,-5.161992
David Robinson,36,1485 Joseph Rapid Apt. 147,Collierview,California,20964,-145.848687,44.4459375
Nancy Smith,55,87317 Nichols Trail,East Amyshire,Michigan,15249,-139.383084,58.2030755
Jared Jones,34,4128 Deborah Port,Belindaland,New Mexico,54866,126.868608,34.5608505
Ashley Hughes,44,11883 Mccoy Causeway,Port Williamfort,Illinois,58984,87.202534,-77.7429195
Edwin Cruz,24,81444 Johnson Forest Apt. 655,Salazarland,Kentucky,35777,-105.002109,-28.5646035
Amanda Jordan,54,1081 Holloway Ports,West Paula,South Dakota,64249,-28.973813,45.5059605
Alexander Wood,79,00135 Emily Lake Apt. 212,Dianaberg,Nevada,48714,-115.280297,-40.9821385
Ebony Chapman,57,7667 Gregory Flat Suite 093,West Davidland,Mississippi,32907,-114.050974,-49.013993
Steven Pratt,64,012 Williams Villages Suite 115,Amandaview,Arizona,65875,-133.795116,85.4141935
Mark Bryan,34,5229 Caitlin Locks,Charlesshire,Maryland,45483,138.051656,37.5326815
Edward Thompson,38,1930 Jones Isle,Stevenbury,Colorado,83559,-38.893886,-55.484695
Whitney Williams,49,14882 Wiggins Summit Suite 298,Lake Jenniferland,Missouri,17741,-106.475372,25.9590475
Zachary Brown,70,1623 Carol Plaza Apt. 287,Blakehaven,North Carolina,55454,-77.873742,72.1558315
Matthew Barnes,18,5421 Steven Lodge,Pruittborough,New Jersey,65132,-92.639559,-12.588366
Tina Oliver,41,85336 Elizabeth Path,Nathanielview,Arizona,22043,-106.814002,-17.059469
Christopher Baker,58,36108 James Turnpike Apt. 889,North Jessetown,Florida,61974,-116.059676,21.5641765
Taylor Stephens,68,6783 Amanda Cliffs,Laurieshire,Pennsylvania,26779,116.605801,77.8811905
Johnny Sutton,44,148 Jones Radial,Shermanshire,Utah,86511,-178.512567,75.853986
Denise Mcmahon,77,2050 Brian Extension,Longtown,Nevada,63237,99.155871,57.0067225
Caitlin May,59,546 Cook Isle,Laurieview,Texas,93028,-133.612655,68.0009725
Lisa Smith,24,96199 Shannon Drives,Randolphview,Colorado,64364,163.010408,-81.026005
John Noble,32,463 Cook Cape,Lake Jenna,Ohio,64864,-172.816791,-32.6623295
Elizabeth Lynch,27,902 Hayes Stream Suite 125,Warrentown,Connecticut,60079,-54.836163,-71.988775
Kim Austin,65,244 Lisa View Suite 183,Edwardsmouth,Illinois,77452,92.790095,69.8650455
Christine Hood,23,61429 Pamela Canyon Apt. 335,Hudsonstad,Hawaii,22121,121.813964,-80.6564155
Jason Mcguire,65,27717 Greene Prairie Apt. 832,New Maryhaven,Missouri,13077,-78.307455,36.5282195
Walter Coleman,64,238 Gomez Stream Suite 879,East Dawn,Illinois,76448,54.545011,-35.916678
Linda Russo,61,55109 Jessica Mews Suite 047,Lake Michelleville,West Virginia,92601,152.557259,-6.0226245
Mackenzie Miller,34,89698 Jessica Corners Apt. 843,New Jesse,Connecticut,08799,65.966127,-24.610768
Zachary Jones,28,392 Lynch Terrace,South Kennethborough,Florida,78021,40.450306,-53.0106955
Justin Wright,26,343 Sarah Cliff Suite 680,Lake John,Hawaii,63795,50.035347,-61.2232235
Dana Madden,24,50776 Garcia Glens,North Christophermouth,Nevada,35010,-54.024048,89.153933
Grant King,23,126 Jasmine Well Apt. 258,Lozanoton,Indiana,30932,-156.961542,-34.410021
Dustin Cochran,46,4645 Gregory Throughway,Rangelville,Wyoming,49804,148.340734,23.3939975
Dr. Marie Brown DVM,78,24682 Norma Roads Apt. 298,North Markmouth,Oregon,94029,-149.561148,-62.024096
Paul Clarke,79,99320 Osborne Lake Apt. 983,Bellville,Georgia,72903,55.696755,85.3867975
Ryan Jones,30,25879 Smith Cape Apt. 964,East Travisfurt,Indiana,68161,156.525846,14.3791095
Sandra Reed,73,48955 John Port Apt. 829,Lake Rachel,Mississippi,23276,-94.439381,-55.006277
Emily Thomas,54,1036 Orozco Islands Apt. 539,New Andrewburgh,Oklahoma,87610,-71.554685,11.3890445
Leslie Beltran,62,88500 Underwood Port,South Jessicamouth,Colorado,08879,-72.611023,49.194332
Dr. Tracy Vazquez,63,16439 Bradley Prairie Suite 766,New Allison,South Carolina,15038,-45.126409,-35.2112405
Natasha Leach,36,270 Jeffrey Lodge Apt. 924,North Patricia,Nevada,88449,29.756913,53.2697835
Andrea Huynh,43,533 Melvin Highway Suite 810,West Lisachester,Missouri,74548,2.726370,46.9878305
Andrew Hayes,24,43046 Chris Dam Apt. 809,Lake Lisamouth,Oklahoma,69516,46.630372,40.475335
Darlene Rodriguez,34,59449 William Ways Suite 085,Jamesmouth,Vermont,95002,130.504564,1.592874
Erik Davis,64,480 Wiggins Tunnel Apt. 897,Mitchellfort,South Dakota,90788,56.182934,-68.622121
Lindsay Odom,55,5326 Gomez Fords,South Jaime,Kentucky,83940,60.774655,-18.0797695
Courtney Clark,24,88169 Nguyen Streets Apt. 112,Livingstonmouth,Alaska,63631,-58.555373,64.449781
Adam Jackson DDS,25,0866 King Cove,East Jasmine,Indiana,01132,-117.121568,-11.7082735
Katie Harris,55,102 Hardy Tunnel,Wernertown,Virginia,69569,138.636841,-34.7060185
Cynthia Phillips,53,520 Barbara Courts Apt. 589,Port Donald,Texas,48867,-69.994358,-30.784880
Thomas Brown,69,22601 Justin Spurs,South Tonya,Arkansas,56373,58.169044,81.3451745
Allison Ware,79,5378 Marshall Ways,Kathrynfurt,Missouri,83872,-160.706483,66.5427445
Ashley Hamilton DVM,65,984 Bradley Mall,North Nicole,Georgia,84973,-33.213007,26.0574085
Joanna Wilson,44,8132 Weber Lodge,Lake Charles,Connecticut,69353,-49.159014,7.550621
Cheryl Johnson,31,2947 Wallace Extension Suite 561,Frazierhaven,South Carolina,44930,-62.128656,-13.6822715
Matthew Wong,65,81150 Jones Burgs Suite 100,Port Bettyview,Oklahoma,70578,54.286957,-68.2878455
Shelby Anderson,20,10073 Brenda Inlet Suite 047,North Ashley,Wisconsin,01271,144.231607,29.4274135
Nancy Green,27,972 Ramirez Trafficway,South Heather,Georgia,20972,167.541126,3.3806375
Scott Small,31,35218 Ford Pines Apt. 582,Kathleenburgh,Massachusetts,66833,90.462291,10.8478005
Ariel Henry,35,570 White Flats,North Dakota,North Dakota,91269,129.656956,4.8085095
Jessica Russell,58,876 Blake Rapids,West Tara,Maryland,17847,107.559187,-83.489114
Lindsey Short,69,910 Smith River Apt. 637,Leeville,Tennessee,24636,164.014035,-56.147140
Timothy White,21,5041 Schroeder Summit Apt. 467,Marissatown,Alaska,22806,-77.206918,-15.7903835
Daniel Lopez,31,0122 Katie Pass Suite 000,New Jefferyberg,Ohio,78614,-9.728525,-46.370618
Sharon Davis,43,92359 Sarah Ranch,Latashastad,North Dakota,63552,-123.365803,33.6225035
Amy Johnson,78,54341 Johnson Mount Apt. 079,New Thomasview,Massachusetts,46013,-170.768569,-57.4389225
Ashley Reed,18,5744 Carey Roads,New Jessicastad,Alaska,21412,52.062275,49.6009235
Stephen Wilson,51,1203 Moore Vista,Selenamouth,Alabama,83850,152.601632,-10.8699435
Kevin Stevenson,64,0903 Ward Pines Apt. 401,West Martinport,California,78668,82.058109,-64.2568375
Joanna Yates,45,2175 Rebecca Plain Apt. 719,East Andrew,Utah,11622,-150.917895,22.093757
Savannah Miller,48,290 Natalie Burgs,Caseberg,Florida,38980,120.033244,26.993154
Marcus Miller,30,315 Joseph Turnpike Apt. 790,North Kimberlybury,Indiana,83478,74.419240,-87.426759
Craig Brooks,40,9258 Mitchell Plaza,Batestown,Washington,58113,-131.836978,-7.3321575
Jacob Watson,41,83405 Carolyn Ferry Suite 494,Monroeberg,Texas,95398,-163.615719,16.132314
Heather Byrd,73,2417 Elizabeth Brooks,New Markfurt,Connecticut,28462,63.900464,-7.6806365
Randy Hanson,75,071 Kathryn Fall,Newtonstad,Arkansas,43980,40.819300,8.5712975
James Barber,72,852 Joshua Spurs Suite 106,North Rogerhaven,Delaware,00548,-113.363794,-15.8102465
James Freeman,38,9732 Vanessa Harbor Suite 219,North Theresaton,Kentucky,73816,-58.600661,1.5204895
Megan Moran,76,078 Thompson Lights,Port Jennifer,New York,58536,-95.883033,-14.9799585
Cindy Clark,37,8030 Walker Field Suite 767,Ashleyside,Delaware,13338,-176.464045,-56.357155
Kimberly Carrillo,26,480 Paul Meadows,Gonzalesville,Alaska,07110,54.434959,27.3975365
Dillon Jackson,50,0907 Patricia Wall,Mooremouth,Indiana,22737,-85.171560,-20.351145
Theresa Wood,72,547 Angela Fords,New Robertview,Colorado,14045,22.779968,-20.580705
Debra Schmidt,23,148 Nelson Fork,Kimberg,Montana,03489,128.480940,-24.635398
Courtney Obrien,73,07208 Matthew Motorway,Port Matthewside,Alabama,20013,125.934017,61.345934
Whitney Sandoval,27,744 Jesse Corners,Port Timothy,Nebraska,76753,60.116211,19.2798805
Shane Hughes,51,26954 Raymond Way,Lake Josephtown,Connecticut,36736,-126.922820,-72.943959
Tiffany Watson,66,7220 Anna Bridge,Port Julie,Kentucky,20908,-55.488488,85.373906
Luis Beasley,36,6140 Montgomery Courts Suite 451,Bethanyport,Kansas,43204,149.437724,64.321663
Tracey Coleman,30,74950 Rodriguez Falls,North Timothychester,Utah,35366,24.760985,75.8106325
Michael Shepherd,66,56282 Michael Pines,West Kevin,Washington,28739,-168.990957,-15.957428
Thomas French,62,37642 Cook Camp Suite 319,Bassview,Arkansas,93855,-122.062796,16.8460755
Heather Alexander,50,772 David Hills,East Lawrencestad,Wisconsin,13663,44.684830,-28.005445
Jared King,70,3313 Estrada Extensions,Kimberlyhaven,New York,34660,-111.357435,-66.5593995
Michael Jones,43,06530 Beasley Rest Apt. 444,Jamesberg,South Carolina,21531,14.717480,18.128278
Matthew Howard,32,79484 Matthew Stravenue Suite 531,New Kendra,Maryland,58371,-134.797306,-64.241849
Walter Miller,46,969 Andrew Ridge Apt. 564,Amandaton,Delaware,60666,107.175692,-24.772187
Phillip Brown,43,2919 Patrick Fork,North Rubenbury,Washington,37376,-30.038643,-61.3272585
Kenneth Hicks,65,20445 Nancy Place Apt. 194,Curtishaven,New York,02585,94.916603,-4.6612125
Jill Salazar,25,915 Bond Walk,Juliefurt,Minnesota,86319,-149.660667,40.439942
Sierra Garcia,68,90056 Laura Course Apt. 419,Andrewport,Nevada,24070,67.758876,52.013362
Felicia Barker,41,5502 Heidi Circles Suite 775,New Sarahborough,Rhode Island,78674,-175.319308,67.6293185
Stephen Gilbert,50,995 Michael Square Suite 408,Calderonland,Arizona,32499,-18.016979,18.066413
Joel Miller,80,691 York Harbor,Williamsberg,North Dakota,36066,-47.483612,64.9169975
Connie Thomas,69,4799 Hayes Junction Suite 932,Courtneyhaven,North Carolina,09382,56.520542,33.598742
Matthew Thompson,27,9847 Michelle Drive,North Patricia,Maine,10480,139.391304,24.0039205
Bill Duarte,39,536 Matthew Fords Suite 626,Vazquezport,West Virginia,20609,-11.471226,-3.9704455
Jose Mcfarland,33,5539 Maxwell Grove Suite 818,Boyleberg,Ohio,06526,-107.961531,-85.285910
Jennifer Taylor,63,54571 Spears Lane,Port Daniellefurt,South Carolina,31966,50.355981,51.241424
Valerie Smith,42,950 Emily Ridge,Rasmussenburgh,Minnesota,46022,109.347432,-53.485683
Christian Garrett,55,43678 Flores Lodge Apt. 450,North Mirandaburgh,North Dakota,36933,56.293068,-76.5399935
Robert Taylor,26,9127 Cuevas Neck Suite 008,East Brianburgh,Kentucky,21501,151.841906,-45.1980125
Eric Vega,47,8095 Lisa Row Suite 598,Lanestad,Nevada,68448,29.463997,36.1837625
Frank Young,42,62246 Kristin Tunnel,Lake Mirandaport,Alaska,33827,61.637787,-77.1415705
Morgan Rivera,80,10485 Marquez Island Apt. 809,West Justin,Utah,33401,84.063378,0.002226
Hannah Long,77,1092 Davis Island,Jonathanchester,Illinois,10824,135.804764,-64.8485825
Richard Gonzalez,45,32547 Alicia Track Apt. 595,North Richardfort,Montana,17717,-90.964466,40.471579
Stacy Stone,24,64078 Quinn Pike Apt. 193,Evansfurt,South Dakota,58931,-147.380331,8.920021
Kimberly Chaney,67,6922 Schmidt Ferry Apt. 358,South Kristy,California,80090,-146.421306,-39.7058095
Karl Rivera,79,1541 Dale Squares,Olsenshire,Montana,48618,-58.625669,64.3782105
Justin Carey,63,0288 Lisa Glen Suite 430,Port Kristenville,Kentucky,93998,111.384531,-65.6838135
Katrina Brewer,69,4408 Robert Lake Apt. 318,South Kelli,Alaska,96895,-177.380280,3.339476
Patrick Reyes,55,02760 Frazier Stravenue Suite 316,Boydberg,New York,31361,65.360449,-31.0906645
Mary Carr,27,22650 Billy Crossroad Suite 486,East Robin,Oklahoma,23906,97.084563,-64.9114325
Mary Torres,51,03662 James Hill,Pattersonmouth,Idaho,86535,-13.145481,-47.086108
Mckenzie Chapman,59,12476 Brown Estates,Lake Lorichester,Arkansas,34825,-172.709177,11.501364
Gabriel Herrera,30,046 Lee Summit,South William,Montana,40193,82.406202,41.7126475
Michelle Torres PhD,74,0917 Crosby Causeway Suite 613,Weissberg,North Carolina,12724,176.559619,25.4870565
Chad Lindsey,68,8106 Kent Falls,Veronicafort,Ohio,53979,81.883531,25.415212
Julie Reyes,61,53355 Betty Estates,Lake Patrick,Pennsylvania,39629,-5.875965,-48.670348
Katherine Vasquez,60,8352 Davis Crossroad,Warnerton,Michigan,24426,-96.393940,8.9806705
Stephanie Lewis,53,967 Freeman Field Apt. 006,Perkinsshire,New Jersey,56228,-9.179243,1.813589
Lisa Rodriguez,42,8890 Maxwell Fork Apt. 367,Murrayland,Missouri,96958,164.425812,82.727409
Daniel Salazar,20,977 Brown Valleys Suite 372,Matthewfort,Washington,15523,-54.352215,12.2305145
Michael Lewis,64,75133 Myers Canyon Apt. 580,Richardmouth,Kentucky,03919,77.061322,33.954425
Jessica Gibson,64,7517 Marcus Shores Apt. 678,Reneeport,Georgia,88874,-126.598667,63.4986085
Claire Castro,57,968 Reed Cape,New Justin,Iowa,83490,11.166110,-39.5734495
Lori Walter,22,74585 Erica Trafficway Suite 469,Port Andrew,Arizona,89538,35.395655,46.844324
David Rodriguez,44,8706 Julie Glens Suite 020,East Patrickborough,Virginia,65363,111.579735,89.8481435
Rachel Duncan,44,2808 Brian Flat Suite 742,Grahambury,Kentucky,46749,-33.447267,4.4148275
Mary Warren,72,4664 Mercado Drive,Port Jeremiah,Wisconsin,91237,71.371151,-8.1133575
Michael Robertson,49,95314 Smith Parkway,North Ernestland,Oklahoma,21503,-126.101043,-2.4013185
Haley Ellis,50,5586 Lawrence Path,Shepherdside,Arkansas,79639,96.474167,-40.6044385
Mrs. Monica Lopez DDS,22,7951 Justin Islands Apt. 274,Port Nancy,Missouri,87781,170.895292,-29.2105985
Christy Martin,40,6845 Sharp Port,South Seth,Colorado,19520,89.061514,86.935138
David Hodges,76,511 Bell Path Apt. 468,East Dawn,New Hampshire,87306,85.932506,78.8753935
Zachary Price,22,41367 Davis View Apt. 018,North Joshua,Oklahoma,80388,-146.039634,-26.360683
Mark Burch,24,768 Salazar Keys,East Janicefort,Delaware,03284,147.381405,-6.7136275
Wendy Bush,29,74000 Fleming Cliff,Peggyfort,Alabama,41350,120.064993,81.6509555
Kenneth Scott,34,4833 Cassandra Branch Apt. 390,Allisontown,New Hampshire,83675,-27.386286,74.5183905
Anna Santos,35,59092 Taylor Locks,Travismouth,Ohio,97764,2.616168,74.178391
John Harper,35,470 Michael Ridge,Matthewfort,Texas,02006,46.237964,-82.9710485
Jennifer Wilkinson,73,762 King Corner,Joshuamouth,Washington,61122,-30.020439,-5.897645
Valerie Gomez,30,4531 Mckay Inlet Apt. 162,Hallburgh,Wyoming,08252,-40.989964,-19.1807965
Brittany Jones,60,2298 Perez Views Apt. 342,Angelastad,Indiana,06306,-75.388779,34.719644
Lauren Davis,26,0446 Aguilar Dam Suite 271,East Courtneyberg,Maine,77372,6.512121,78.455979
Nicole James,67,6477 Nancy Motorway Apt. 040,Port Johnton,Arkansas,83570,30.295542,88.632381
Susan Medina,44,110 Hanson Coves,Michelletown,Tennessee,06539,-91.287871,68.272579
Megan Marshall,19,64790 Brian Park Apt. 343,Simpsonhaven,South Carolina,42786,-3.466574,10.3690465
Christopher Keller,32,428 Bauer Summit,Steelebury,Kansas,65736,-43.939180,-77.1228765
Rebekah Gordon,41,1759 Laura Road,Port Patrickport,Mississippi,76427,-169.019740,-76.032797
Donna Silva,48,970 Smith Harbor Apt. 094,South Michael,Washington,66003,-34.779801,21.338828
Taylor Thompson,76,12878 Cooper Knoll,Chamberstown,Rhode Island,34736,92.671909,7.8498175
Jeremy Robinson,43,4423 Stacie Ports Suite 269,Griffintown,Alaska,05585,119.237435,54.196837
Miranda Miller,51,22415 Maria Point,East Matthewland,Montana,96548,-12.649125,57.6301305
Elizabeth Allen,53,7945 Richard Locks,Port Patrick,Indiana,29236,-34.839771,-85.2283265
Jennifer Bradley,72,0236 Jason Divide,Petersontown,South Dakota,47232,-112.162379,77.671188
David Williams,40,6079 Robinson Cove,Lake Kimberlychester,Mississippi,44999,69.199351,1.3712645
Lisa Maxwell,45,0203 Jordan Overpass Apt. 709,Grahamtown,Virginia,15100,-142.598143,13.226321
Richard Mathews,24,999 Carla Highway Apt. 673,Stevenview,Nebraska,75363,7.182761,-42.442728
Brandon Blevins,55,28121 Hutchinson Parkway Suite 338,Cookport,Iowa,47373,-79.377531,-64.3078645
Susan Bowers,64,974 Pittman Manors Suite 018,South Justin,West Virginia,61857,113.550937,60.6344545
Rebecca Luna,25,422 Robert Bridge Apt. 279,Erinberg,Illinois,14609,-23.152629,-82.6449625
Matthew Scott,39,0008 Brandon Path,East Melissa,Illinois,50758,-41.857370,69.654009
Kathryn Hart,52,853 Morgan Gateway,South Michael,Idaho,48970,-0.932076,48.553891
Glenda Barker,53,67158 King Ridges,Kellyburgh,Maryland,49290,31.641114,25.244751
Daniel Roberson,22,66666 Lindsey Cove,South Jamesborough,Texas,65454,-135.846661,-76.7139745
Daniel Phillips,64,5549 Jones Roads Suite 292,Jacksonberg,New Jersey,81573,-148.976580,-38.872356
Brianna Nguyen,69,420 Bethany Mountain,Veronicashire,Ohio,86792,158.193067,28.266671
Juan Sheppard,22,3569 Lin Club Suite 429,Youngview,Louisiana,23750,157.759597,33.726766
Guy Murray,67,5674 Gonzales Cliff Suite 343,Johnhaven,Florida,64888,-123.164323,-58.3213495
Joann Scott,68,895 Wilson Meadow Apt. 746,Johnfurt,Virginia,67895,-109.842217,77.530647
Angela Martin,28,470 Benson Brook Apt. 772,Lake Christinashire,West Virginia,42555,61.152185,-33.615249
Dawn Davis,75,674 Ricardo Brooks Suite 354,New Sylvia,Oregon,16593,151.549556,-50.730414
Leslie Stewart,21,7755 Rodriguez Groves Suite 526,Evanville,Montana,85634,26.257572,-42.5943805
Michelle Parker MD,27,331 Corey Crossing Suite 522,South Michael,Nebraska,31872,-1.541469,-32.8791845
Timothy Brown,43,7301 Mahoney Well Apt. 760,Marshallfort,North Dakota,75672,-130.218725,14.609011
Kenneth Garcia,71,349 Donald Passage Apt. 010,East Bobby,New Hampshire,32006,-38.544221,-38.3601635
Jeffery Foster,49,33126 Wood Lane,West Tiffany,Wyoming,68477,-13.231801,28.111775
Erin Clarke,20,119 Campos Station,East Michaelton,Georgia,95178,48.080768,28.1239275
Zachary Miller,19,1392 Gina Skyway Suite 985,East Tonya,Oklahoma,78607,-86.246221,-37.4598085
Tracey Long,28,163 Porter Knolls Suite 630,Danielmouth,North Carolina,46194,-62.605457,44.7701455
Joshua Carlson,55,098 Dale Drive,Lake Stephaniechester,New Jersey,32536,161.024032,45.879635
Dylan Shelton,60,06198 Philip Harbor Suite 458,East Lorifort,Montana,31746,-78.276229,-63.3143565
Gary Smith,25,348 Kirsten Roads Suite 799,Jennaberg,Ohio,99492,75.596797,-47.092092
Ricky Moore,55,8051 Ward Prairie Apt. 080,South Kaylahaven,Iowa,22897,63.257381,73.1038625
